owner_id,stremia_multiplied_1,stremia_multiplied_2,stremia_buyers_1,stremia_buyers_2,points_based_1,points_based_2,ITM_buyers,endurance,total_points_1,total_points_2,time,total_legs,net_balance_DEEZ,points_DEEZ,net_balance_NUTS,points_NUTS,total_points
0x0036900bd0d41356577047e640df0cf10edfd2a6,0.0,0.0,0.0,0.0,0.0,0.0,0.0,0.0,0.0,0.0,0.0,0.0,7.577225993146417e+18,1.1365838989719626e+19,1.658442288320423e+20,2.4876634324806343e+20,0.0
0x0241a3859d561e11c65e324b9356bb76027ef5e7,0.0,0.0,0.0,0.0,0.0,0.0,0.0,0.0,0.0,0.0,0.0,0.0,7.69512e+19,1.154268e+20,2.961429e+17,4.4421435e+17,0.0
0x02d27d55f24365f10e1a93a48009dff3035ea7dd,0.0,0.0,0.0,0.0,0.0,0.0,0.0,0.0,0.0,0.0,0.0,0.0,2.562573e+20,3.8438595e+20,2.56323e+20,3.844845e+20,0.0
0x037d7dc68b9f46400ee33792aa258612ad5045f1,0.0,0.0,0.0,0.0,0.0,0.0,0.0,0.0,0.0,0.0,0.0,0.0,2.890191e+20,4.3352865e+20,1.1111733e+21,1.66675995e+21,0.0
0x03baa102a7f591482307510b3bf14bd437691f09,0.0,0.0,0.0,0.0,0.0,0.0,0.0,0.0,0.0,0.0,0.0,0.0,2.962368e+18,4.443552e+18,2.963055e+18,4.4445825e+18,0.0
0x0433ab5d4605f6a1fc7c4d19eaf54370f928c7d6,0.0,0.0,0.0,0.0,0.0,0.0,0.0,0.0,0.0,0.0,0.0,0.0,0.0,0.0,2.534487e+20,3.8017305e+20,0.0
0x065e80b6a6c668da2590688677716bd45ff3bfca,0.0,0.0,0.0,0.0,0.0,0.0,0.0,0.0,0.0,0.0,0.0,0.0,8.89923e+18,1.3348845e+19,8.90493e+18,1.3357395e+19,0.0
0x07303428898c21108a01be4632371c86812c8a0d,0.0,0.0,0.0,0.0,0.0,0.0,0.0,0.0,0.0,0.0,0.0,0.0,1.153683e+20,1.7305245e+20,1.153851e+20,1.7307765e+20,0.0
0x073ef865b0df79ee8d45200e23494cf33444aaaf,0.0,0.0,0.0,0.0,0.0,0.0,0.0,0.0,0.0,0.0,0.0,0.0,1.452537e+19,2.1788055e+19,8.71956e+18,1.307934e+19,0.0
0x0939bdeec8e4853d669459e0912050724e0f45d1,0.0,0.0,0.0,0.0,0.0,0.0,0.0,0.0,0.0,0.0,0.0,0.0,7.69002e+19,1.153503e+20,2.960784e+19,4.441176e+19,0.0
0x0989f5de8ac2b1233d4cc23fe2756fa2ea14f938,0.0,0.0,0.0,0.0,0.0,0.0,0.0,0.0,0.0,0.0,0.0,0.0,2.788443e+20,4.1826645000000006e+20,7.26543e+19,1.0898145e+20,0.0
0x0ab745472907aacdb868fe825579e7a7e0b730a5,0.0,0.0,0.0,0.0,0.0,0.0,0.0,0.0,0.0,0.0,0.0,0.0,5.93535e+18,8.903025e+18,2.969418e+18,4.454127e+18,0.0
0x0d2010d493a98d84949bb44d0c485d54af087c24,0.0,0.0,0.0,0.0,0.0,0.0,0.0,0.0,0.0,0.0,0.0,0.0,2.27943e+20,3.419145e+20,1.866024e+20,2.799036e+20,0.0
0x0e539a81b163556b0284b6922a42f1cabdcecc5b,0.0,0.0,0.0,0.0,0.0,0.0,0.0,0.0,0.0,0.0,0.0,0.0,8.89989e+18,1.3349835e+19,8.90559e+18,1.3358385e+19,0.0
0x0e5d7ae8c27c8f27dfc9387eb9fbddf23ddd5d04,0.0,0.0,0.0,0.0,0.0,0.0,0.0,0.0,0.0,0.0,0.0,0.0,8.90148e+18,1.335222e+19,8.907e+18,1.33605e+19,0.0
0x0ea3a94701239ad50ea268248e5f168bcea1606f,0.0,0.0,0.0,0.0,0.0,0.0,0.0,0.0,0.0,0.0,0.0,0.0,2.83425e+19,4.251375e+19,4.28397e+19,6.425955e+19,0.0
0x0f2a6dcd8cdaebbe1cb2960d6a7492387a6b01ed,0.0,0.0,0.0,0.0,0.0,0.0,0.0,0.0,0.0,0.0,0.0,0.0,5.5587690000000005e+20,8.3381535e+20,1.772892e+20,2.659338e+20,0.0
0x0f8aca6bb8d86bba87892efab1e19491c97387b7,0.0,0.0,0.0,0.0,0.0,0.0,0.0,0.0,0.0,0.0,0.0,0.0,9.58806e+19,1.438209e+20,2.259e+20,3.3885e+20,0.0
0x0fd16cccea5dd4bf248d8a8a02059ee5b95d7fe6,0.0,0.0,0.0,0.0,0.0,0.0,0.0,0.0,0.0,0.0,0.0,0.0,1.186563e+19,1.7798445e+19,1.187322e+19,1.780983e+19,0.0
0x102e57edd33f1e03e4d8b6edf2ed1ca1635c9419,0.0,0.0,0.0,0.0,0.0,0.0,0.0,0.0,0.0,0.0,0.0,0.0,1.186902e+19,1.780353e+19,1.187607e+19,1.7814105e+19,0.0
0x1032dc28334a8aa504aed761ba4599dff58a843f,0.0,0.0,0.0,0.0,0.0,0.0,0.0,0.0,0.0,0.0,0.0,0.0,8.89989e+18,1.3349835e+19,8.90547e+18,1.3358205e+19,0.0
0x11877a8b499cf00b030b37fe20575493f009cca5,0.0,0.0,0.0,0.0,0.0,0.0,0.0,0.0,0.0,0.0,0.0,0.0,8.89926e+18,1.334889e+19,8.90496e+18,1.335744e+19,0.0
0x11b33d24406af3fa050410314955314029531db2,0.0,0.0,0.0,0.0,0.0,0.0,0.0,0.0,0.0,0.0,0.0,0.0,2.033244e+19,3.049866e+19,1.16247e+19,1.743705e+19,0.0
0x11b53d1dac74f1038a63e12651e5c4341fc19d5f,0.0,0.0,0.0,0.0,0.0,0.0,0.0,0.0,0.0,0.0,0.0,0.0,2.0458989e+20,3.06884835e+20,8.612265e+19,1.2918397499999999e+20,0.0
0x11de39dba800cbaad6247920879669c3cfd5fced,0.0,0.0,0.0,0.0,0.0,0.0,0.0,0.0,0.0,0.0,0.0,0.0,2.326884e+20,3.490326e+20,1.455219e+20,2.1828285e+20,0.0
0x1341df844780b66af4ccc98ae0f34be87eabe1d5,0.0,0.0,0.0,0.0,0.0,0.0,0.0,0.0,0.0,0.0,0.0,0.0,1.480083e+20,2.2201245000000002e+20,1.480899e+20,2.2213485000000002e+20,0.0
0x14f12e80add26c2824f5c84487886b43e9fd7075,0.0,0.0,0.0,0.0,0.0,0.0,0.0,0.0,0.0,0.0,0.0,0.0,1.183899e+19,1.7758485e+19,1.184634e+19,1.776951e+19,0.0
0x1523472a93097f0568e1de518282bd6b7908b160,0.0,0.0,0.0,0.0,0.0,0.0,0.0,0.0,0.0,0.0,0.0,0.0,3.55197e+20,5.3279549999999995e+20,3.66237e+20,5.4935549999999995e+20,0.0
0x15f33a77174296d80717ccc9ca780bd5f58397b5,0.0,0.0,0.0,0.0,0.0,0.0,0.0,0.0,0.0,0.0,0.0,0.0,1.6195473e+20,2.42932095e+20,9.85782e+19,1.478673e+20,0.0
0x16a7da59d6328d9e765831cf9d026e0f27de71d3,0.0,0.0,0.0,0.0,0.0,0.0,0.0,0.0,0.0,0.0,0.0,0.0,2.959752e+19,4.439628e+19,2.961591e+19,4.4423865e+19,0.0
0x16faa6e97aec501eb03d692eb5751e37519cdbb3,0.0,0.0,0.0,0.0,0.0,0.0,0.0,0.0,0.0,0.0,0.0,0.0,8.93871e+19,1.3408065e+20,8.95074e+19,1.342611e+20,0.0
0x1718e06694adb7806435b70fe0c94c39b952331d,0.0,0.0,0.0,0.0,0.0,0.0,0.0,0.0,0.0,0.0,0.0,0.0,6.261251488694128e+19,9.391877233041192e+19,1.5973829467758005e+21,2.3960744201637006e+21,0.0
0x1724b081b6c60d4424bab1c7d21c2ad7a84e14eb,0.0,0.0,0.0,0.0,0.0,0.0,0.0,0.0,0.0,0.0,0.0,0.0,2.66478e+20,3.99717e+20,1.09938e+20,1.64907e+20,0.0
0x1758a24d23b8d97b0f0e9282edd1eaa729b41e0a,0.0,0.0,0.0,0.0,0.0,0.0,0.0,0.0,0.0,0.0,0.0,0.0,5.93556e+18,8.90334e+18,5.93898e+18,8.90847e+18,0.0
0x17ec9d8fb1c40532101adf98af7a7e37a8aa6ebe,0.0,0.0,0.0,0.0,0.0,0.0,0.0,0.0,0.0,0.0,0.0,0.0,6.52353e+19,9.785295e+19,2.87739e+20,4.316085e+20,0.0
0x190b472d635f97f892e4812467d24028fd5544a3,0.0,0.0,0.0,0.0,0.0,0.0,0.0,0.0,0.0,0.0,0.0,0.0,5.604e+20,8.406e+20,1.533321e+20,2.2999814999999998e+20,0.0
0x192f1e9d644ce15597e97a8f11c3cb54eef3214d,0.0,0.0,0.0,0.0,0.0,0.0,0.0,0.0,0.0,0.0,0.0,0.0,1.442127e+20,2.1631905e+20,1.442325e+20,2.1634875e+20,0.0
0x197a78fe1bd3bbb64c1325c027bde8f67bac1770,0.0,0.0,0.0,0.0,0.0,0.0,0.0,0.0,0.0,0.0,0.0,0.0,2.971938e+19,4.457907e+19,0.0,0.0,0.0
0x19f6859c13a8df8e537b376de5df6743f3967502,0.0,0.0,0.0,0.0,0.0,0.0,0.0,0.0,0.0,0.0,0.0,0.0,1.442112e+20,2.163168e+20,1.034679e+20,1.5520185e+20,0.0
0x1a270fb75584f8e7c4155accb463135aaca6183b,0.0,0.0,0.0,0.0,0.0,0.0,0.0,0.0,0.0,0.0,0.0,0.0,1.153686e+20,1.730529e+20,0.0,0.0,0.0
0x1a5b37d3ed535e25a4857c4a1d7cc2c174a487b6,0.0,0.0,0.0,0.0,0.0,0.0,0.0,0.0,0.0,0.0,0.0,0.0,2.811738e+20,4.217607e+20,3.461622e+19,5.192433e+19,0.0
0x1d4c0e8b65b5f980317092c18a0908eef5d0b765,0.0,0.0,0.0,0.0,0.0,0.0,0.0,0.0,0.0,0.0,0.0,0.0,1.717728e+20,2.576592e+20,2.3450856900000003e+20,3.517628535e+20,0.0
0x1d6091d60db8c1432bfbefccb513d02f748e4800,0.0,0.0,0.0,0.0,0.0,0.0,0.0,0.0,0.0,0.0,0.0,0.0,5.93586e+18,8.90379e+18,5.93931e+18,8.908965e+18,0.0
0x1e115ad201602362d8aecd52c7ad6902b1a4cb5f,0.0,0.0,0.0,0.0,0.0,0.0,0.0,0.0,0.0,0.0,0.0,0.0,8.90148e+18,1.335222e+19,8.907e+18,1.33605e+19,0.0
0x1f2aac54e7f2d001572571980664aa2185aff164,0.0,0.0,0.0,0.0,0.0,0.0,0.0,0.0,0.0,0.0,0.0,0.0,2.1279624e+21,3.1919436e+21,1.9694891999999998e+21,2.9542337999999997e+21,0.0
0x20fd64ed3b9d451d74b7fb54e9ff326b723aec33,0.0,0.0,0.0,0.0,0.0,0.0,0.0,0.0,0.0,0.0,0.0,0.0,4.3811676e+20,6.571751400000001e+20,3.69544665e+20,5.543169975e+20,0.0
0x2130c210176df0e822a40c3d8751e96d52c6a02a,0.0,0.0,0.0,0.0,0.0,0.0,0.0,0.0,0.0,0.0,0.0,0.0,8.90151e+18,1.3352265e+19,8.907e+18,1.33605e+19,0.0
0x2239bfbab4cd1cb8c2abb8ba33f97f523b56ccc4,0.0,0.0,0.0,0.0,0.0,0.0,0.0,0.0,0.0,0.0,0.0,0.0,1.153683e+20,1.7305245e+20,1.153851e+20,1.7307765e+20,0.0
0x23f198b0c23cf1bcce7b38a1fde27ae76541c500,0.0,0.0,0.0,0.0,0.0,0.0,0.0,0.0,0.0,0.0,0.0,0.0,2.913507e+19,4.3702605e+19,2.895654e+19,4.343481e+19,0.0
0x2446f1a75162f045d02f23d1d3b0f5a2c0f9a4cb,0.0,0.0,0.0,0.0,0.0,0.0,0.0,0.0,0.0,0.0,0.0,0.0,1.714761e+20,2.5721414999999998e+20,2.39724e+20,3.59586e+20,0.0
0x2499bdf18e33eb830bcf0d1c1e47b7e0cca07071,0.0,0.0,0.0,0.0,0.0,0.0,0.0,0.0,0.0,0.0,0.0,0.0,5.17197e+20,7.757955e+20,2.917881e+20,4.3768215e+20,0.0
0x2513aa49e95dc6368618f20e2cf75146178c94e0,0.0,0.0,0.0,0.0,0.0,0.0,0.0,0.0,0.0,0.0,0.0,0.0,1.190079063e+22,1.7851185945e+22,1.142132496e+22,1.713198744e+22,0.0
0x25d47d577d3392acfef6a2f8eec46f0194ef45b3,0.0,0.0,0.0,0.0,0.0,0.0,0.0,0.0,0.0,0.0,0.0,0.0,1.483764e+19,2.225646e+19,1.484592e+19,2.226888e+19,0.0
0x26361c9526aae58f86d673de78b4afb0e4bf0c71,0.0,0.0,0.0,0.0,0.0,0.0,0.0,0.0,0.0,0.0,0.0,0.0,1.452291e+20,2.1784365e+20,8.71842e+19,1.307763e+20,0.0
0x26b1ca5eaac81b6563bf540a20b584b15de2768d,0.0,0.0,0.0,0.0,0.0,0.0,0.0,0.0,0.0,0.0,0.0,0.0,2.957094e+18,4.435641e+18,5.921169e+18,8.8817535e+18,0.0
0x26c946ec023eb47cab7f28829d19dee94f77afc1,0.0,0.0,0.0,0.0,0.0,0.0,0.0,0.0,0.0,0.0,0.0,0.0,1.153686e+20,1.730529e+20,1.153854e+20,1.730781e+20,0.0
0x26d289bdd1d259bd41d2e710fbade7a1ece8cf80,0.0,0.0,0.0,0.0,0.0,0.0,0.0,0.0,0.0,0.0,0.0,0.0,7.84233e+19,1.1763495e+20,2.906139e+18,4.3592085e+18,0.0
0x27ca05297dc2c8aeacbe38047c5da7179305e9b5,0.0,0.0,0.0,0.0,0.0,0.0,0.0,0.0,0.0,0.0,0.0,0.0,2.962185e+19,4.4432775e+19,2.93337e+20,4.400055e+20,0.0
0x289e43ef0a90b48af5463358e2403ef136aaebbc,0.0,0.0,0.0,0.0,0.0,0.0,0.0,0.0,0.0,0.0,0.0,0.0,8.89986e+18,1.334979e+19,8.90544e+18,1.335816e+19,0.0
0x292d4381d0a49d8d2070e0599fedfdbac54f62e0,0.0,0.0,0.0,0.0,0.0,0.0,0.0,0.0,0.0,0.0,0.0,0.0,1.487502e+19,2.231253e+19,1.489605e+19,2.2344075e+19,0.0
0x29b6c16ca37787996c26cbd13adf94af0b75f0ff,0.0,0.0,0.0,0.0,0.0,0.0,0.0,0.0,0.0,0.0,0.0,0.0,2.957661e+18,4.4364915e+18,0.0,0.0,0.0
0x29de357ca23467fe9338f882fb4280b009c506da,0.0,0.0,0.0,0.0,0.0,0.0,0.0,0.0,0.0,0.0,0.0,0.0,3.2069898e+20,4.8104847e+20,1.2794660625e+21,1.9191990937499997e+21,0.0
0x2aacccc2c6eb6678fe8b6f1e90209e638bcc8767,0.0,0.0,0.0,0.0,0.0,0.0,0.0,0.0,0.0,0.0,0.0,0.0,1.489605e+20,2.2344074999999998e+20,2.386479e+20,3.5797185e+20,0.0
0x2aad04ca153f6ab760aaf0bb4cd25c763b527be1,0.0,0.0,0.0,0.0,0.0,0.0,0.0,0.0,0.0,0.0,0.0,0.0,9.244791e+20,1.3867186500000002e+21,6.820245e+20,1.0230367500000001e+21,0.0
0x2b36e6fe9a8924691b75605f6cdfaacf4eff4593,0.0,0.0,0.0,0.0,0.0,0.0,0.0,0.0,0.0,0.0,0.0,0.0,8.90124e+18,1.335186e+19,8.90673e+18,1.3360095e+19,0.0
0x2b6e1ff59c789caa6fce38a09475cc917defc8cb,0.0,0.0,0.0,0.0,0.0,0.0,0.0,0.0,0.0,0.0,0.0,0.0,2.967936e+18,4.451904e+18,2.969655e+18,4.4544825e+18,0.0
0x2d4c927232345247dc1851ce206b7293d21cc830,0.0,0.0,0.0,0.0,0.0,0.0,0.0,0.0,0.0,0.0,0.0,0.0,8.90124e+18,1.335186e+19,8.90676e+18,1.336014e+19,0.0
0x2fc5755f9f14f16dad0a0519b1b2f4bd92a968a7,0.0,0.0,0.0,0.0,0.0,0.0,0.0,0.0,0.0,0.0,0.0,0.0,2.024283e+20,3.0364245000000006e+20,5.35686e+20,8.03529e+20,0.0
0x301cd9e1cf526dfb9eddaf0d7a2843c90033af72,0.0,0.0,0.0,0.0,0.0,0.0,0.0,0.0,0.0,0.0,0.0,0.0,1.483755e+19,2.2256325e+19,1.484583e+19,2.2268745e+19,0.0
0x3079ed3c101c8ed6eb5abf674d55f25dbd8af060,0.0,0.0,0.0,0.0,0.0,0.0,0.0,0.0,0.0,0.0,0.0,0.0,2.303856e+20,3.455784e+20,1.783479e+20,2.6752185000000002e+20,0.0
0x311183d5922870a8c6c5f7c608c27a341f56a8f9,0.0,0.0,0.0,0.0,0.0,0.0,0.0,0.0,0.0,0.0,0.0,0.0,1.483761e+19,2.2256415e+19,1.484586e+19,2.226879e+19,0.0
0x32d320b4f3d68b20492737e6760ea64b62770878,0.0,0.0,0.0,0.0,0.0,0.0,0.0,0.0,0.0,0.0,0.0,0.0,5.4438629999999995e+20,8.1657945e+20,5.632272e+20,8.448408e+20,0.0
0x3367333df860dcdb70e2bb96b4302c84a1ef796c,0.0,0.0,0.0,0.0,0.0,0.0,0.0,0.0,0.0,0.0,0.0,0.0,5.17809e+19,7.767135e+19,2.723619e+20,4.0854285e+20,0.0
0x3415187c90ca060591f74565cdb67bd0c931f204,0.0,0.0,0.0,0.0,0.0,0.0,0.0,0.0,0.0,0.0,0.0,0.0,5.92023e+19,8.880345e+19,5.9235e+19,8.88525e+19,0.0
0x346fd1e82e607f94ead952751c12b0e1a3f8f738,0.0,0.0,0.0,0.0,0.0,0.0,0.0,0.0,0.0,0.0,0.0,0.0,5.93556e+18,8.90334e+18,5.93898e+18,8.90847e+18,0.0
0x347b8d44cd224f66cf620886fd9dddf96c11ed22,0.0,0.0,0.0,0.0,0.0,0.0,0.0,0.0,0.0,0.0,0.0,0.0,8.89992e+18,1.334988e+19,8.90562e+18,1.335843e+19,0.0
0x3549a9fe87d6ad80f21591984b57a7dd34ae4473,0.0,0.0,0.0,0.0,0.0,0.0,0.0,0.0,0.0,0.0,0.0,0.0,2.301501e+18,3.4522515e+18,0.0,0.0,0.0
0x356684ec83085baa6483570b1b6b0257511af288,0.0,0.0,0.0,0.0,0.0,0.0,0.0,0.0,0.0,0.0,0.0,0.0,2.418921e+20,3.6283815e+20,1.17837e+20,1.767555e+20,0.0
0x356ec53fd510b601956dd71291107116a3a76c47,0.0,0.0,0.0,0.0,0.0,0.0,0.0,0.0,0.0,0.0,0.0,0.0,2.33472e+20,3.50208e+20,1.774902e+20,2.662353e+20,0.0
0x376f59d57c4db76e0da71e9952898cce419d05fc,0.0,0.0,0.0,0.0,0.0,0.0,0.0,0.0,0.0,0.0,0.0,0.0,3.640971e+20,5.4614565000000006e+20,4.015326e+20,6.022989e+20,0.0
0x378b3bddbbe49210c7d1264e50949939dbf6b793,0.0,0.0,0.0,0.0,0.0,0.0,0.0,0.0,0.0,0.0,0.0,0.0,5.93466e+18,8.90199e+18,0.0,0.0,0.0
0x37b522f9ffc88ee6ebea238fd9cf4bd4959d1d59,0.0,0.0,0.0,0.0,0.0,0.0,0.0,0.0,0.0,0.0,0.0,0.0,0.0,0.0,2.304558e+20,3.456837e+20,0.0
0x38fa70bc0dfb368e0a373140140a0d886552e62e,0.0,0.0,0.0,0.0,0.0,0.0,0.0,0.0,0.0,0.0,0.0,0.0,3.1290387e+20,4.69355805e+20,3.7695363e+20,5.65430445e+20,0.0
0x3a78dbe2fe755c49710aac23308bb3be073083a6,0.0,0.0,0.0,0.0,0.0,0.0,0.0,0.0,0.0,0.0,0.0,0.0,2.763666e+20,4.145499e+20,2.477013e+20,3.7155194999999994e+20,0.0
0x3b75f21cdb0f933c3f7302055d24ca220881f83c,0.0,0.0,0.0,0.0,0.0,0.0,0.0,0.0,0.0,0.0,0.0,0.0,5.8022330999999994e+20,8.70334965e+20,4.67268e+19,7.00902e+19,0.0
0x3b9ac3ab6a1ea14c4e8ed8dc379d6038891cce97,0.0,0.0,0.0,0.0,0.0,0.0,0.0,0.0,0.0,0.0,0.0,0.0,8.87118e+19,1.330677e+20,0.0,0.0,0.0
0x3baba6964a0f5e6e5fab55547f0c03d545d35f43,0.0,0.0,0.0,0.0,0.0,0.0,0.0,0.0,0.0,0.0,0.0,0.0,1.481613e+20,2.2224194999999998e+20,2.470563e+20,3.7058445e+20,0.0
0x3c7f7d5381b126e1ed69eaef7b064005feda3a6e,0.0,0.0,0.0,0.0,0.0,0.0,0.0,0.0,0.0,0.0,0.0,0.0,2.763666e+20,4.145499e+20,2.362041e+20,3.5430615e+20,0.0
0x3c9e21167338f994a169e94764b7bb3b810c73e0,0.0,0.0,0.0,0.0,0.0,0.0,0.0,0.0,0.0,0.0,0.0,0.0,2.080572e+19,3.120858e+19,2.945148e+20,4.417722e+20,0.0
0x3d1bcce239c7c605fed46ce56d5cfc917c39200c,0.0,0.0,0.0,0.0,0.0,0.0,0.0,0.0,0.0,0.0,0.0,0.0,1.15368e+20,1.73052e+20,0.0,0.0,0.0
0x3d64d998f650728589e9bed71d7413dcbd66ed11,0.0,0.0,0.0,0.0,0.0,0.0,0.0,0.0,0.0,0.0,0.0,0.0,8.89989e+18,1.3349835e+19,8.90559e+18,1.3358385e+19,0.0
0x3db0022de4ef4f245f818a687b390b646e27fd29,0.0,0.0,0.0,0.0,0.0,0.0,0.0,0.0,0.0,0.0,0.0,0.0,8.89992e+18,1.334988e+19,8.90562e+18,1.335843e+19,0.0
0x3f60008dfd0efc03f476d9b489d6c5b13b3ebf2c,0.0,0.0,0.0,0.0,0.0,0.0,0.0,0.0,0.0,0.0,0.0,0.0,2.690958e+20,4.036437e+20,1.184235e+20,1.7763525e+20,0.0
0x40c8dd5cf016ea7dc0b1d2571fbceb8eb6279f52,0.0,0.0,0.0,0.0,0.0,0.0,0.0,0.0,0.0,0.0,0.0,0.0,2.400997864584048e+21,3.601496796876072e+21,1.8346586412979229e+21,2.7519879619468843e+21,0.0
0x40fbfb93e2e71ce33b9293a45e2ae3939fe312fe,0.0,0.0,0.0,0.0,0.0,0.0,0.0,0.0,0.0,0.0,0.0,0.0,2.077386e+19,3.116079e+19,2.078589e+19,3.1178835e+19,0.0
0x411d209e4874e00dd550de43190224515b28fafe,0.0,0.0,0.0,0.0,0.0,0.0,0.0,0.0,0.0,0.0,0.0,0.0,2.6746310999999998e+20,4.01194665e+20,8.625234e+19,1.2937851e+20,0.0
0x4368f90bd33eb4b195f3d37d233dafd9571d0b52,0.0,0.0,0.0,0.0,0.0,0.0,0.0,0.0,0.0,0.0,0.0,0.0,8.89986e+18,1.334979e+19,8.90547e+18,1.3358205e+19,0.0
0x43a996fa50d2f378d707aca9ddcde1c30cb68f63,0.0,0.0,0.0,0.0,0.0,0.0,0.0,0.0,0.0,0.0,0.0,0.0,1.250814e+20,1.876221e+20,2.683668e+20,4.025502e+20,0.0
0x4426863132ca102a9306c0e6702d57e7ef3d02bc,0.0,0.0,0.0,0.0,0.0,0.0,0.0,0.0,0.0,0.0,0.0,0.0,1.13641278e+21,1.70461917e+21,1.4874756e+21,2.2312134e+21,0.0
0x44ad6f3411b34bc22e0b08d02f3e2e6cf93720f9,0.0,0.0,0.0,0.0,0.0,0.0,0.0,0.0,0.0,0.0,0.0,0.0,1.483758e+19,2.225637e+19,1.484586e+19,2.226879e+19,0.0
0x470539a6292d3bfd0951c3af8ee6b4bb8a9c0c81,0.0,0.0,0.0,0.0,0.0,0.0,0.0,0.0,0.0,0.0,0.0,0.0,4.35687e+19,6.535305e+19,2.615526e+19,3.923289e+19,0.0
0x4735a2dcd92413d015c713f494e2c35d2d3f9b7c,0.0,0.0,0.0,0.0,0.0,0.0,0.0,0.0,0.0,0.0,0.0,0.0,8.89992e+18,1.334988e+19,8.90562e+18,1.335843e+19,0.0
0x4752addada438ce2f37e65b39a41b28d5f4ed0cd,0.0,0.0,0.0,0.0,0.0,0.0,0.0,0.0,0.0,0.0,0.0,0.0,5.93553e+18,8.903295e+18,5.93898e+18,8.90847e+18,0.0
0x47a235f03b07f57d9c39aff3beb00364db9e46b0,0.0,0.0,0.0,0.0,0.0,0.0,0.0,0.0,0.0,0.0,0.0,0.0,1.8935463e+20,2.8403194500000003e+20,5.2881930000000005e+20,7.9322895e+20,0.0
0x47b42d7dc0c781ab6f908c8085ee41ea0b2e75ce,0.0,0.0,0.0,0.0,0.0,0.0,0.0,0.0,0.0,0.0,0.0,0.0,1.299459e+20,1.9491885e+20,5.6642789999999995e+20,8.4964185e+20,0.0
0x481427db49fc515c4243f13293a7ee6c11bf0a82,0.0,0.0,0.0,0.0,0.0,0.0,0.0,0.0,0.0,0.0,0.0,0.0,6.8196e+19,1.02294e+20,2.372952e+20,3.559428e+20,0.0
0x48375e02b924981d7ff8e7f73e82dc3003956546,0.0,0.0,0.0,0.0,0.0,0.0,0.0,0.0,0.0,0.0,0.0,0.0,1.483806e+19,2.225709e+19,1.484667e+19,2.2270005e+19,0.0
0x48e756eae97c0123cc88c660987793b49e48afa3,0.0,0.0,0.0,0.0,0.0,0.0,0.0,0.0,0.0,0.0,0.0,0.0,1.59972e+20,2.39958e+20,2.910405e+19,4.3656075e+19,0.0
0x498a19caa60339da0ce1e756b99a4654b6395654,0.0,0.0,0.0,0.0,0.0,0.0,0.0,0.0,0.0,0.0,0.0,0.0,1.247382e+20,1.871073e+20,2.607717e+20,3.9115754999999994e+20,0.0
0x4a395b0efc9907a195c81564c10a985c7e9f6a15,0.0,0.0,0.0,0.0,0.0,0.0,0.0,0.0,0.0,0.0,0.0,0.0,2.97261e+20,4.4589149999999995e+20,1.487448e+20,2.231172e+20,0.0
0x4ab5a501b8908cee75587b4a6efc519e2d0a7ee5,0.0,0.0,0.0,0.0,0.0,0.0,0.0,0.0,0.0,0.0,0.0,0.0,2.077395e+19,3.1160925e+19,1.48467e+19,2.227005e+19,0.0
0x4bd4384d22cf79e84802c6416106f610481dbacd,0.0,0.0,0.0,0.0,0.0,0.0,0.0,0.0,0.0,0.0,0.0,0.0,5.93586e+18,8.90379e+18,1.187856e+19,1.781784e+19,0.0
0x4e12d870e0e841577a1d6ea08898b44cb1d0681c,0.0,0.0,0.0,0.0,0.0,0.0,0.0,0.0,0.0,0.0,0.0,0.0,2.971017e+19,4.4565255e+19,2.973339e+19,4.4600085e+19,0.0
0x4ec5ac80991913b88035d6a0002e76c1418bf356,0.0,0.0,0.0,0.0,0.0,0.0,0.0,0.0,0.0,0.0,0.0,0.0,1.588347e+20,2.3825205000000002e+20,5.5630890000000005e+20,8.3446335e+20,0.0
0x4f26fcd654d1a510c1f2ccf128014280218b1932,0.0,0.0,0.0,0.0,0.0,0.0,0.0,0.0,0.0,0.0,0.0,0.0,1.488303e+19,2.2324545e+19,1.489887e+19,2.2348305e+19,0.0
0x507e2135da72698044a8e6ff042324a18d73597b,0.0,0.0,0.0,0.0,0.0,0.0,0.0,0.0,0.0,0.0,0.0,0.0,7.18431e+20,1.0776465000000001e+21,4.9948410000000005e+20,7.4922615e+20,0.0
0x515c07dd7cd01496d4000e4998b4fd5acd2c09e1,0.0,0.0,0.0,0.0,0.0,0.0,0.0,0.0,0.0,0.0,0.0,0.0,7.593576e+19,1.1390364e+20,2.857449e+20,4.2861735e+20,0.0
0x5208f132ccbcacd0773e6286322dff936140c273,0.0,0.0,0.0,0.0,0.0,0.0,0.0,0.0,0.0,0.0,0.0,0.0,1.914933e+20,2.8723994999999998e+20,2.19633e+20,3.294495e+20,0.0
0x522e39e92f976ef26cf71d8aa6f0f10ba6879233,0.0,0.0,0.0,0.0,0.0,0.0,0.0,0.0,0.0,0.0,0.0,0.0,2.905074e+18,4.357611e+18,2.90652e+18,4.35978e+18,0.0
0x524bcec6af7d72fdaf662af0856ca30e3203dbaa,0.0,0.0,0.0,0.0,0.0,0.0,0.0,0.0,0.0,0.0,0.0,0.0,8.9019e+18,1.335285e+19,8.90721e+18,1.3360815e+19,0.0
0x53ae1a41966cb214f93fd8865e281a16e4883597,0.0,0.0,0.0,0.0,0.0,0.0,0.0,0.0,0.0,0.0,0.0,0.0,7.0839324e+20,1.0625898600000001e+21,5.2659039e+20,7.89885585e+20,0.0
0x54a5895ecb763aac62c9e624e3ad5b7605283329,0.0,0.0,0.0,0.0,0.0,0.0,0.0,0.0,0.0,0.0,0.0,0.0,1.153683e+20,1.7305245e+20,1.153857e+20,1.7307855e+20,0.0
0x54d61891b18180f7ab8bcc990f23aa5321a08311,0.0,0.0,0.0,0.0,0.0,0.0,0.0,0.0,0.0,0.0,0.0,0.0,8.9019e+18,1.335285e+19,8.90718e+18,1.336077e+19,0.0
0x55f1903b90821a3c95cf0574be3a39566d98bfaf,0.0,0.0,0.0,0.0,0.0,0.0,0.0,0.0,0.0,0.0,0.0,0.0,5.18967e+20,7.784505e+20,2.523048e+20,3.784572e+20,0.0
0x56c8b9e42185b8693adfb6030f42fb1e7cca0f16,0.0,0.0,0.0,0.0,0.0,0.0,0.0,0.0,0.0,0.0,0.0,0.0,2.39019e+20,3.585285e+20,1.23585e+20,1.853775e+20,0.0
0x56fcc88e8c901830f1da75b375b5f74dc76863fd,0.0,0.0,0.0,0.0,0.0,0.0,0.0,0.0,0.0,0.0,0.0,0.0,2.986404e+20,4.479606e+20,2.988465e+20,4.4826975e+20,0.0
0x5718c541bf550b445a64be27f0a046cfc5525206,0.0,0.0,0.0,0.0,0.0,0.0,0.0,0.0,0.0,0.0,0.0,0.0,2.371812e+20,3.557718e+20,1.186305e+20,1.7794575e+20,0.0
0x587c266b88757cac8ce258c316406d481ffe0f8a,0.0,0.0,0.0,0.0,0.0,0.0,0.0,0.0,0.0,0.0,0.0,0.0,2.033244e+20,3.049866e+20,1.656519e+20,2.4847785000000002e+20,0.0
0x591e2a29cc2563eb55e328064018c9ca8b192d84,0.0,0.0,0.0,0.0,0.0,0.0,0.0,0.0,0.0,0.0,0.0,0.0,3.14823e+20,4.7223450000000005e+20,4.80678e+20,7.21017e+20,0.0
0x5956e652e7c9140f6e105adb2e0f3189ae032be5,0.0,0.0,0.0,0.0,0.0,0.0,0.0,0.0,0.0,0.0,0.0,0.0,0.0,0.0,2.793159e+20,4.1897385e+20,0.0
0x5a16fbfca4ed7b414aa93dcb4a13b3ce26f670f0,0.0,0.0,0.0,0.0,0.0,0.0,0.0,0.0,0.0,0.0,0.0,0.0,1.442127e+20,2.1631905e+20,2.620704e+20,3.931056e+20,0.0
0x5a1c829a78c98f1a79277e21f866cc7ca417659f,0.0,0.0,0.0,0.0,0.0,0.0,0.0,0.0,0.0,0.0,0.0,0.0,2.910756e+19,4.366134e+19,2.913045e+18,4.3695675e+18,0.0
0x5b191f5a2b4a867c4ed71858daccc51fc59c69c0,0.0,0.0,0.0,0.0,0.0,0.0,0.0,0.0,0.0,0.0,0.0,0.0,2.085753e+19,3.1286295e+19,5.96751e+19,8.951265e+19,0.0
0x5b3c29a0edf37cbde20beb090f5ca0d769f18f3b,0.0,0.0,0.0,0.0,0.0,0.0,0.0,0.0,0.0,0.0,0.0,0.0,0.0,0.0,1.153851e+20,1.7307765e+20,0.0
0x5b9f1174c2125118d8f288b8218fc020d95871da,0.0,0.0,0.0,0.0,0.0,0.0,0.0,0.0,0.0,0.0,0.0,0.0,1.189758e+19,1.784637e+19,1.6079799e+20,2.4119698500000003e+20,0.0
0x5cff50848e3293ed36df64f5f4d1fe72ec32bc07,0.0,0.0,0.0,0.0,0.0,0.0,0.0,0.0,0.0,0.0,0.0,0.0,1.740867e+19,2.6113005e+19,0.0,0.0,0.0
0x5df089ff2eab44684717d876077d8c3a7e951819,0.0,0.0,0.0,0.0,0.0,0.0,0.0,0.0,0.0,0.0,0.0,0.0,1.332435e+18,1.9986525e+18,0.0,0.0,0.0
0x5e4495562a9f41fda9e132ef281beb1407ce3b24,0.0,0.0,0.0,0.0,0.0,0.0,0.0,0.0,0.0,0.0,0.0,0.0,2.904663e+20,4.3569945e+20,5.75304e+19,8.62956e+19,0.0
0x5e941018839234cf2e193cfef9ad7a34f9c9fa72,0.0,0.0,0.0,0.0,0.0,0.0,0.0,0.0,0.0,0.0,0.0,0.0,4.352595e+20,6.5288925e+20,3.92055e+20,5.8808250000000005e+20,0.0
0x5ebb3ed22ddf9503c62c18575e121c91a78b2c0c,0.0,0.0,0.0,0.0,0.0,0.0,0.0,0.0,0.0,0.0,0.0,0.0,2.332734e+20,3.499101e+20,1.29333e+20,1.939995e+20,0.0
0x5f37128918b0e0db408ab59ec85c0d582869290e,0.0,0.0,0.0,0.0,0.0,0.0,0.0,0.0,0.0,0.0,0.0,0.0,5.2723530000000005e+20,7.9085295e+20,2.624829e+20,3.9372435e+20,0.0
0x60b61938b0decedde8a4b53d42c5fe3d05c6c54f,0.0,0.0,0.0,0.0,0.0,0.0,0.0,0.0,0.0,0.0,0.0,0.0,6.0971454e+20,9.1457181e+20,5.282988342493584e+20,7.924482513740376e+20,0.0
0x620fce71d9fa4306c73c10fc522758f27d054844,0.0,0.0,0.0,0.0,0.0,0.0,0.0,0.0,0.0,0.0,0.0,0.0,0.0,0.0,1.153854e+20,1.730781e+20,0.0
0x631ea523db0deefd25ed308594b1830974f1f4ad,0.0,0.0,0.0,0.0,0.0,0.0,0.0,0.0,0.0,0.0,0.0,0.0,4.0516491300000005e+21,6.077473695000001e+21,4.6343024999999996e+21,6.95145375e+21,0.0
0x63e840aba32582baf26735e87cb9680fbfd00151,0.0,0.0,0.0,0.0,0.0,0.0,0.0,0.0,0.0,0.0,0.0,0.0,4.5302549999999995e+20,6.7953825e+20,3.041493e+20,4.5622394999999994e+20,0.0
0x64680e67fe9d93112df1eeec337df9c85b00527f,0.0,0.0,0.0,0.0,0.0,0.0,0.0,0.0,0.0,0.0,0.0,0.0,1.186905e+19,1.7803575e+19,1.18761e+19,1.781415e+19,0.0
0x6574080a89289178426c3065eefa43982a3c2312,0.0,0.0,0.0,0.0,0.0,0.0,0.0,0.0,0.0,0.0,0.0,0.0,2.942409e+19,4.4136135e+19,5.91378e+18,8.87067e+18,0.0
0x66bd19b9e1656f4bbd98b067869767a0f182bb82,0.0,0.0,0.0,0.0,0.0,0.0,0.0,0.0,0.0,0.0,0.0,0.0,1.638039e+20,2.4570585000000002e+20,5.50953e+20,8.264295e+20,0.0
0x678f664ab7bdf8bcd04d15e9a15ea3cad57d2fbf,0.0,0.0,0.0,0.0,0.0,0.0,0.0,0.0,0.0,0.0,0.0,0.0,2.154669e+20,3.2320035e+20,2.390781e+20,3.5861715e+20,0.0
0x680f4d35a24b175267af70d7556a1573fba97558,0.0,0.0,0.0,0.0,0.0,0.0,0.0,0.0,0.0,0.0,0.0,0.0,8.9019e+18,1.335285e+19,8.90721e+18,1.3360815e+19,0.0
0x688cbd690269749418c3a956cbc56809b35c4412,0.0,0.0,0.0,0.0,0.0,0.0,0.0,0.0,0.0,0.0,0.0,0.0,2.03355e+19,3.050325e+19,1.45326e+19,2.17989e+19,0.0
0x68a21e9443f947085758ac81761a8a2628f18cd8,0.0,0.0,0.0,0.0,0.0,0.0,0.0,0.0,0.0,0.0,0.0,0.0,1.522353e+20,2.2835294999999998e+20,2.485143e+20,3.7277145e+20,0.0
0x6965bf8487a08df849df44bc9e1796cb537cf0df,0.0,0.0,0.0,0.0,0.0,0.0,0.0,0.0,0.0,0.0,0.0,0.0,8.90124e+18,1.335186e+19,8.90673e+18,1.3360095e+19,0.0
0x6a61857928149cb7cd2ad29251902787bcf9c3b0,0.0,0.0,0.0,0.0,0.0,0.0,0.0,0.0,0.0,0.0,0.0,0.0,2.033838e+19,3.050757e+19,2.837985e+20,4.2569775e+20,0.0
0x6a7da07e387b81f24e47fd016326bb2fa009d2b4,0.0,0.0,0.0,0.0,0.0,0.0,0.0,0.0,0.0,0.0,0.0,0.0,2.36145e+20,3.542175e+20,2.53449e+20,3.801735e+20,0.0
0x6ce618ec1312fab2ff4985d9498b3514cbce401a,0.0,0.0,0.0,0.0,0.0,0.0,0.0,0.0,0.0,0.0,0.0,0.0,1.018005e+20,1.5270075e+20,2.037291e+20,3.0559365000000006e+20,0.0
0x6dd06debadce37092c0dd1c8c0ab8741eb27d808,0.0,0.0,0.0,0.0,0.0,0.0,0.0,0.0,0.0,0.0,0.0,0.0,8.89986e+18,1.334979e+19,8.90547e+18,1.3358205e+19,0.0
0x6e0299e5e7a1be33b51cce7d025ccec6748ae8f9,0.0,0.0,0.0,0.0,0.0,0.0,0.0,0.0,0.0,0.0,0.0,0.0,1.483758e+19,2.225637e+19,1.484589e+19,2.2268835e+19,0.0
0x6e3a6d1576bdaae1cb922d817c4df2fef9c8fc14,0.0,0.0,0.0,0.0,0.0,0.0,0.0,0.0,0.0,0.0,0.0,0.0,2.97921e+18,4.468815e+18,2.983104e+18,4.474656e+18,0.0
0x6e6dfbd557bcc90a5f743ab2bcfd24f7454992c9,0.0,0.0,0.0,0.0,0.0,0.0,0.0,0.0,0.0,0.0,0.0,0.0,9.5879028e+19,1.43818542e+20,1.453467e+20,2.1802005e+20,0.0
0x6e7f290e29cc4ca27e6ccfa10646fa01c5b35ef2,0.0,0.0,0.0,0.0,0.0,0.0,0.0,0.0,0.0,0.0,0.0,0.0,1.153683e+20,1.7305245e+20,1.153857e+20,1.7307855e+20,0.0
0x6f9a7a413253ae941f0df2f793f2eb75dbfa0cdc,0.0,0.0,0.0,0.0,0.0,0.0,0.0,0.0,0.0,0.0,0.0,0.0,1.743249e+20,2.6148734999999998e+20,1.744086e+20,2.616129e+20,0.0
0x700c5ea96d5ab39118fc6e144f195347d78a4a0e,0.0,0.0,0.0,0.0,0.0,0.0,0.0,0.0,0.0,0.0,0.0,0.0,2.957715e+19,4.4365725e+19,2.960826e+19,4.441239e+19,0.0
0x701f24b56c1fea298bea38aa899eb76f58eef8cb,0.0,0.0,0.0,0.0,0.0,0.0,0.0,0.0,0.0,0.0,0.0,0.0,2.967936e+18,4.451904e+18,2.969655e+18,4.4544825e+18,0.0
0x707acab2506e5f59d428369a8d29973d02cbb767,0.0,0.0,0.0,0.0,0.0,0.0,0.0,0.0,0.0,0.0,0.0,0.0,5.81082e+19,8.71623e+19,8.72043e+19,1.3080645e+20,0.0
0x7087e090c65ddc613b4386cda84aa3de9dac65bd,0.0,0.0,0.0,0.0,0.0,0.0,0.0,0.0,0.0,0.0,0.0,0.0,4.331193e+20,6.4967895e+20,4.330149e+20,6.4952235e+20,0.0
0x70ed50da0456cf1e15249f2d87e579320422e638,0.0,0.0,0.0,0.0,0.0,0.0,0.0,0.0,0.0,0.0,0.0,0.0,1.442112e+20,2.163168e+20,1.149642e+20,1.724463e+20,0.0
0x72d9527da47402f2be60ad04ba6444d765db37f4,0.0,0.0,0.0,0.0,0.0,0.0,0.0,0.0,0.0,0.0,0.0,0.0,4.004025e+20,6.0060375e+20,3.715629e+20,5.5734435e+20,0.0
0x73495e34a5577a390753ba344a48d8e731a2dd32,0.0,0.0,0.0,0.0,0.0,0.0,0.0,0.0,0.0,0.0,0.0,0.0,1.184049e+18,1.7760735e+18,0.0,0.0,0.0
0x734a625db6c3ee34afca9ee4803bb3213e3ca839,0.0,0.0,0.0,0.0,0.0,0.0,0.0,0.0,0.0,0.0,0.0,0.0,4.82841e+20,7.242615e+20,3.19848e+20,4.79772e+20,0.0
0x739572551c69cfcc872060698e83da8679a18705,0.0,0.0,0.0,0.0,0.0,0.0,0.0,0.0,0.0,0.0,0.0,0.0,2.324055e+19,3.4860825e+19,1.743909e+19,2.6158635e+19,0.0
0x73ab4f4e59901ded10175578cf862d361d7367f1,0.0,0.0,0.0,0.0,0.0,0.0,0.0,0.0,0.0,0.0,0.0,0.0,1.442124e+20,2.163186e+20,9.1971e+19,1.379565e+20,0.0
0x742626cbaa066560f38221a7d7c04cc56ecd775e,0.0,0.0,0.0,0.0,0.0,0.0,0.0,0.0,0.0,0.0,0.0,0.0,2.578905e+20,3.8683575e+20,1.510695e+20,2.2660425000000002e+20,0.0
0x74859630705f652433563a9e988a8784b5b7245e,0.0,0.0,0.0,0.0,0.0,0.0,0.0,0.0,0.0,0.0,0.0,0.0,2.880489e+20,4.3207335e+20,6.93117e+19,1.0396755e+20,0.0
0x7496166dc66d6f64d3c0969a649be234c3c1af87,0.0,0.0,0.0,0.0,0.0,0.0,0.0,0.0,0.0,0.0,0.0,0.0,1.957341e+20,2.9360114999999998e+20,1.483818e+20,2.225727e+20,0.0
0x74f7bb90649ffd87798457665bc84adf2dc3b84b,0.0,0.0,0.0,0.0,0.0,0.0,0.0,0.0,0.0,0.0,0.0,0.0,0.0,0.0,8.8968e+18,1.33452e+19,0.0
0x752e1bf5e6e09aae2c234998292458bbcba92d37,0.0,0.0,0.0,0.0,0.0,0.0,0.0,0.0,0.0,0.0,0.0,0.0,8.90193e+18,1.3352895e+19,8.90718e+18,1.336077e+19,0.0
0x7663697900dd93a6d4722bc150d8e3a03c7b4866,0.0,0.0,0.0,0.0,0.0,0.0,0.0,0.0,0.0,0.0,0.0,0.0,8.2192707e+20,1.232890605e+21,2.379591e+20,3.5693865e+20,0.0
0x78bc83b1255d96b190848b3a8146491cd7e63134,0.0,0.0,0.0,0.0,0.0,0.0,0.0,0.0,0.0,0.0,0.0,0.0,2.328588e+20,3.492882e+20,5.82606e+19,8.73909e+19,0.0
0x795b82482801fa3636c9c2921c700bf97679a0cd,0.0,0.0,0.0,0.0,0.0,0.0,0.0,0.0,0.0,0.0,0.0,0.0,8.61867e+19,1.2928005e+20,2.534493e+20,3.8017395e+20,0.0
0x79d7fa096f2f3273b4cfee7223f677ee874aa154,0.0,0.0,0.0,0.0,0.0,0.0,0.0,0.0,0.0,0.0,0.0,0.0,2.620011e+20,3.9300165000000006e+20,1.442331e+20,2.1634965e+20,0.0
0x7bebe0bca3140d6326df946da40d52c037b39d2d,0.0,0.0,0.0,0.0,0.0,0.0,0.0,0.0,0.0,0.0,0.0,0.0,2.612292e+19,3.918438e+19,0.0,0.0,0.0
0x7c46713490e379f515a182d8a5a36dec9d99be6a,0.0,0.0,0.0,0.0,0.0,0.0,0.0,0.0,0.0,0.0,0.0,0.0,2.940918e+19,4.411377e+19,2.95656e+19,4.43484e+19,0.0
0x7c632b90cc7698f6dc9e3aab900a62b30da4b7b5,0.0,0.0,0.0,0.0,0.0,0.0,0.0,0.0,0.0,0.0,0.0,0.0,2.8667353199999996e+21,4.30010298e+21,3.6635286e+21,5.4952929e+21,0.0
0x7c87dbdbd93ec7a34892a8ce32949f9eae442fdd,0.0,0.0,0.0,0.0,0.0,0.0,0.0,0.0,0.0,0.0,0.0,0.0,5.48544e+20,8.22816e+20,5.504622e+20,8.256933e+20,0.0
0x7cfab03f7cbbe6069475b736d121c42810134562,0.0,0.0,0.0,0.0,0.0,0.0,0.0,0.0,0.0,0.0,0.0,0.0,2.32863e+20,3.492945e+20,1.747836e+19,2.621754e+19,0.0
0x7d8d83200a76008702c9cd4a018e12a3636b66af,0.0,0.0,0.0,0.0,0.0,0.0,0.0,0.0,0.0,0.0,0.0,0.0,1.333455e+20,2.0001825e+20,2.637813e+20,3.9567194999999994e+20,0.0
0x7d9335e2c1c79de419c055080858cc7ffb351818,0.0,0.0,0.0,0.0,0.0,0.0,0.0,0.0,0.0,0.0,0.0,0.0,2.332734e+20,3.499101e+20,1.26459e+20,1.896885e+20,0.0
0x7d9f98b92fe64a579efc19c7ef23f39687fef2b3,0.0,0.0,0.0,0.0,0.0,0.0,0.0,0.0,0.0,0.0,0.0,0.0,1.442124e+20,2.163186e+20,8.90976e+19,1.336464e+20,0.0
0x7f2fb4f557995114bab304ecbac554fa19507e88,0.0,0.0,0.0,0.0,0.0,0.0,0.0,0.0,0.0,0.0,0.0,0.0,3.135891e+20,4.7038365e+20,5.018838e+20,7.528257000000001e+20,0.0
0x7f5f2dc85a2d85f727b7db349fb5db0f4a447461,0.0,0.0,0.0,0.0,0.0,0.0,0.0,0.0,0.0,0.0,0.0,0.0,5.93466e+18,8.90199e+18,5.93817e+18,8.907255e+18,0.0
0x7fc538cd464651460500cbc7614f8ceebfa35943,0.0,0.0,0.0,0.0,0.0,0.0,0.0,0.0,0.0,0.0,0.0,0.0,8.89926e+18,1.334889e+19,8.90493e+18,1.3357395e+19,0.0
0x7ff4f8fe1dbbba8dc27103359bf96e97a4d44114,0.0,0.0,0.0,0.0,0.0,0.0,0.0,0.0,0.0,0.0,0.0,0.0,1.0379877e+20,1.55698155e+20,4.15473e+19,6.232095e+19,0.0
0x81062b017924febcea6748705362ae0308702b36,0.0,0.0,0.0,0.0,0.0,0.0,0.0,0.0,0.0,0.0,0.0,0.0,5.7777327e+20,8.666599049999999e+20,5.02209e+20,7.533134999999999e+20,0.0
0x8118174a26e1aa856a57309da308e49468c263d0,0.0,0.0,0.0,0.0,0.0,0.0,0.0,0.0,0.0,0.0,0.0,0.0,1.483761e+19,2.2256415e+19,1.484589e+19,2.2268835e+19,0.0
0x811e34663d979f157686f53057e7e18309f82eb0,0.0,0.0,0.0,0.0,0.0,0.0,0.0,0.0,0.0,0.0,0.0,0.0,1.153677e+20,1.7305155e+20,1.153848e+20,1.730772e+20,0.0
0x8296fab023a4a024222f31f0f71e05fbebf1750c,0.0,0.0,0.0,0.0,0.0,0.0,0.0,0.0,0.0,0.0,0.0,0.0,2.3527811513235754e+20,3.5291717269853635e+20,2.379801e+20,3.5697015e+20,0.0
0x82b45edf395d7a68e345c85677fa683d16168988,0.0,0.0,0.0,0.0,0.0,0.0,0.0,0.0,0.0,0.0,0.0,0.0,6.037377000000001e+20,9.056065500000002e+20,5.955038999999999e+20,8.932558499999998e+20,0.0
0x83a57449214d6b2f6792653d8aa35b01f7f38a75,0.0,0.0,0.0,0.0,0.0,0.0,0.0,0.0,0.0,0.0,0.0,0.0,5.93466e+18,8.90199e+18,5.93817e+18,8.907255e+18,0.0
0x845d61c049d947e4c1118ed0ba80989a4302d659,0.0,0.0,0.0,0.0,0.0,0.0,0.0,0.0,0.0,0.0,0.0,0.0,3.195579e+19,4.7933685e+19,3.197172e+19,4.795758e+19,0.0
0x849c61c31ae699754e85bd57fbfe9ef0cf9d09ba,0.0,0.0,0.0,0.0,0.0,0.0,0.0,0.0,0.0,0.0,0.0,0.0,1.483803e+19,2.2257045e+19,1.484664e+19,2.226996e+19,0.0
0x84f5ce1dde1cb39faecf5e7d5e6bcb2e23535344,0.0,0.0,0.0,0.0,0.0,0.0,0.0,0.0,0.0,0.0,0.0,0.0,1.15368e+20,1.73052e+20,1.153854e+20,1.730781e+20,0.0
0x861a2b7d36f21b8873adae86aeb5a02c03f6c022,0.0,0.0,0.0,0.0,0.0,0.0,0.0,0.0,0.0,0.0,0.0,0.0,5.884902e+18,8.827353e+18,2.956905e+18,4.4353575e+18,0.0
0x8636d4bae80f6b5141aa57abfd672b274bc0f0f6,0.0,0.0,0.0,0.0,0.0,0.0,0.0,0.0,0.0,0.0,0.0,0.0,3.19944e+19,4.79916e+19,2.881299e+20,4.3219485e+20,0.0
0x8684738929a00e0d1c54d645289804112bf52761,0.0,0.0,0.0,0.0,0.0,0.0,0.0,0.0,0.0,0.0,0.0,0.0,5.88174e+19,8.82261e+19,5.91297e+19,8.869455e+19,0.0
0x86f66e900d604e8d8efc071b6181d6b98da0b03b,0.0,0.0,0.0,0.0,0.0,0.0,0.0,0.0,0.0,0.0,0.0,0.0,2.648751e+20,3.9731265e+20,2.821893e+20,4.2328394999999994e+20,0.0
0x8759965369cd4bf2cceb68e5111a88b19dfeb120,0.0,0.0,0.0,0.0,0.0,0.0,0.0,0.0,0.0,0.0,0.0,0.0,5.93532e+18,8.90298e+18,5.93883e+18,8.908245e+18,0.0
0x87b2711074cb1d3ce1f1cb7a46db2f4e9a84ee6f,0.0,0.0,0.0,0.0,0.0,0.0,0.0,0.0,0.0,0.0,0.0,0.0,2.964687e+19,4.4470305e+19,1.18626e+20,1.77939e+20,0.0
0x88fd02c633e0da48670e4d973ff681139d6c684a,0.0,0.0,0.0,0.0,0.0,0.0,0.0,0.0,0.0,0.0,0.0,0.0,1.186902e+19,1.780353e+19,1.187607e+19,1.7814105e+19,0.0
0x8afed9df39c815e824af6f962746be2549356747,0.0,0.0,0.0,0.0,0.0,0.0,0.0,0.0,0.0,0.0,0.0,0.0,5.71989e+20,8.579835e+20,1.070307e+20,1.6054605e+20,0.0
0x8c2a6eb67fd291617c1ccccd2bfa5f36fd0de15d,0.0,0.0,0.0,0.0,0.0,0.0,0.0,0.0,0.0,0.0,0.0,0.0,2.905563e+19,4.3583445e+19,5.81403e+19,8.721045e+19,0.0
0x8c91043dec519eaf9de99d2b9d9875918f0c5c2a,0.0,0.0,0.0,0.0,0.0,0.0,0.0,0.0,0.0,0.0,0.0,0.0,2.966091e+19,4.4491365e+19,2.671314e+20,4.006971e+20,0.0
0x8ea8d5cce8fea186a4d5b26777f81f1b8ea4ea97,0.0,0.0,0.0,0.0,0.0,0.0,0.0,0.0,0.0,0.0,0.0,0.0,8.89986e+18,1.334979e+19,8.90544e+18,1.335816e+19,0.0
0x8eb5fe3e2553c246f4af98e9fec9bc60aa2e2940,0.0,0.0,0.0,0.0,0.0,0.0,0.0,0.0,0.0,0.0,0.0,0.0,8.89926e+18,1.334889e+19,8.90493e+18,1.3357395e+19,0.0
0x8f60d79fe3df6cd0e3a44288ad2f41af134d813e,0.0,0.0,0.0,0.0,0.0,0.0,0.0,0.0,0.0,0.0,0.0,0.0,5.93085e+19,8.896275e+19,5.93466e+19,8.90199e+19,0.0
0x8fc642d66492c830da43d95da7fe3f027f4f3246,0.0,0.0,0.0,0.0,0.0,0.0,0.0,0.0,0.0,0.0,0.0,0.0,2.956155e+18,4.4342325e+18,2.959173e+18,4.4387595e+18,0.0
0x909da6ca5366275c560da5b75279d4baafb68541,0.0,0.0,0.0,0.0,0.0,0.0,0.0,0.0,0.0,0.0,0.0,0.0,2.068392e+19,3.102588e+19,0.0,0.0,0.0
0x90a9eb38468f3972c2b53b5ed860bbd85297ec98,0.0,0.0,0.0,0.0,0.0,0.0,0.0,0.0,0.0,0.0,0.0,0.0,1.278012e+20,1.917018e+20,1.249638e+20,1.874457e+20,0.0
0x90ca15ead8bab6af3a29e7a85836b92c8fa785d5,0.0,0.0,0.0,0.0,0.0,0.0,0.0,0.0,0.0,0.0,0.0,0.0,8.89986e+18,1.334979e+19,8.90547e+18,1.3358205e+19,0.0
0x914249db8f1e1903b432e1af075d35c82560b262,0.0,0.0,0.0,0.0,0.0,0.0,0.0,0.0,0.0,0.0,0.0,0.0,2.957706e+19,4.436559e+19,0.0,0.0,0.0
0x92859e98829e4c26d8fb4b082968318ef818dd3c,0.0,0.0,0.0,0.0,0.0,0.0,0.0,0.0,0.0,0.0,0.0,0.0,5.80944e+19,8.71416e+19,5.81244e+19,8.71866e+19,0.0
0x92d8ca42160a5ea0a6db07cca21bd4b970790efd,0.0,0.0,0.0,0.0,0.0,0.0,0.0,0.0,0.0,0.0,0.0,0.0,5.323809e+19,7.9857135e+19,0.0,0.0,0.0
0x933ce0c68ea71fc26959c06a1232e1946cb86a92,0.0,0.0,0.0,0.0,0.0,0.0,0.0,0.0,0.0,0.0,0.0,0.0,1.187067e+19,1.7806005e+19,1.187769e+19,1.7816535e+19,0.0
0x941e5957eaa0bb7c83b25002fc4bb04b35ea9fdf,0.0,0.0,0.0,0.0,0.0,0.0,0.0,0.0,0.0,0.0,0.0,0.0,1.424028e+20,2.136042e+20,5.678604e+20,8.517906e+20,0.0
0x95123b7868362213799c73b4f16f173da7cdcced,0.0,0.0,0.0,0.0,0.0,0.0,0.0,0.0,0.0,0.0,0.0,0.0,5.91534e+18,8.87301e+18,5.92152e+18,8.88228e+18,0.0
0x95346de7f18839bc0312f32d4d1b42d1353532c1,0.0,0.0,0.0,0.0,0.0,0.0,0.0,0.0,0.0,0.0,0.0,0.0,4.6297149e+20,6.94457235e+20,6.799353e+20,1.01990295e+21,0.0
0x955916640f96efcd66f4aee595e0a44700a57868,0.0,0.0,0.0,0.0,0.0,0.0,0.0,0.0,0.0,0.0,0.0,0.0,1.948259435616583e+22,2.9223891534248745e+22,-2.2972683549027707e+22,-3.445902532354156e+22,0.0
0x955c14651374682b15ae4a0335d9e141cea8c755,0.0,0.0,0.0,0.0,0.0,0.0,0.0,0.0,0.0,0.0,0.0,0.0,8.90151e+18,1.3352265e+19,8.907e+18,1.33605e+19,0.0
0x967a13a41199d406b8d120d78536e61dfcdc50c9,0.0,0.0,0.0,0.0,0.0,0.0,0.0,0.0,0.0,0.0,0.0,0.0,8.90148e+18,1.335222e+19,8.90697e+18,1.3360455e+19,0.0
0x969f0221c3058e2fd2ca1e5f41b2d8f5aefc40df,0.0,0.0,0.0,0.0,0.0,0.0,0.0,0.0,0.0,0.0,0.0,0.0,2.562564e+20,3.843846e+20,0.0,0.0,0.0
0x96ece6a28e6328119f27cb15539dc5df332aaa51,0.0,0.0,0.0,0.0,0.0,0.0,0.0,0.0,0.0,0.0,0.0,0.0,2.037549e+20,3.0563235e+20,2.010012e+20,3.015018e+20,0.0
0x97b3b53cae94b1a6a802ef2495399659e501b9cc,0.0,0.0,0.0,0.0,0.0,0.0,0.0,0.0,0.0,0.0,0.0,0.0,1.15368e+20,1.73052e+20,1.153851e+20,1.7307765e+20,0.0
0x982caf49d2e57a296472159b1a529b6e6ac04d46,0.0,0.0,0.0,0.0,0.0,0.0,0.0,0.0,0.0,0.0,0.0,0.0,2.954835e+19,4.4322525e+19,2.957616e+19,4.436424e+19,0.0
0x98a7e30247c387d2adcec653a4c8c325cb18d679,0.0,0.0,0.0,0.0,0.0,0.0,0.0,0.0,0.0,0.0,0.0,0.0,3.4978734e+22,5.246810100000001e+22,3.4941915000000003e+22,5.24128725e+22,0.0
0x98d2817d28526a0cd10b274b657f75c3fc043260,0.0,0.0,0.0,0.0,0.0,0.0,0.0,0.0,0.0,0.0,0.0,0.0,1.442115e+20,2.1631725e+20,2.448258e+20,3.672387e+20,0.0
0x9999999e2f76ed42e6b1a4eefd0fd472790fa1a5,0.0,0.0,0.0,0.0,0.0,0.0,0.0,0.0,0.0,0.0,0.0,0.0,5.2533117e+21,7.879967549999999e+21,2.3261403e+21,3.48921045e+21,0.0
0x99c66c32a6e5fecf8792ef4ce0af81c1f2aa4454,0.0,0.0,0.0,0.0,0.0,0.0,0.0,0.0,0.0,0.0,0.0,0.0,2.934261e+20,4.4013914999999994e+20,3.35088e+19,5.02632e+19,0.0
0x9abb088d50b2b5ffd8557395bdc783ad7da623b0,0.0,0.0,0.0,0.0,0.0,0.0,0.0,0.0,0.0,0.0,0.0,0.0,1.442118e+20,2.163177e+20,1.178382e+20,1.767573e+20,0.0
0x9ad1d09351826fdfa059411ad347a2c23c084b74,0.0,0.0,0.0,0.0,0.0,0.0,0.0,0.0,0.0,0.0,0.0,0.0,8.90148e+18,1.335222e+19,8.907e+18,1.33605e+19,0.0
0x9ae532dd7c0d3d21de6cf1ceec143722d2e93451,0.0,0.0,0.0,0.0,0.0,0.0,0.0,0.0,0.0,0.0,0.0,0.0,2.323659e+19,3.4854885e+19,2.034297e+19,3.0514455e+19,0.0
0x9bc99c222868c30dc4eebad44dd3654ed9e949d0,0.0,0.0,0.0,0.0,0.0,0.0,0.0,0.0,0.0,0.0,0.0,0.0,1.3234965e+20,1.98524475e+20,1.6262073e+20,2.4393109499999997e+20,0.0
0x9c15291e1c61545a444aa670e4982f75e5a6506a,0.0,0.0,0.0,0.0,0.0,0.0,0.0,0.0,0.0,0.0,0.0,0.0,2.834268e+18,4.251402e+18,2.8517038199999998e+20,4.27755573e+20,0.0
0x9c2b07dd951edae10fbf58bb98a1448cde417f58,0.0,0.0,0.0,0.0,0.0,0.0,0.0,0.0,0.0,0.0,0.0,0.0,2.380719e+20,3.5710785e+20,2.383809e+19,3.5757135e+19,0.0
0x9c61d0019e7646e1c5dc52e7b9303d5f96d1093a,0.0,0.0,0.0,0.0,0.0,0.0,0.0,0.0,0.0,0.0,0.0,0.0,8.86323e+19,1.3294845e+20,0.0,0.0,0.0
0x9d4e34c09d295346f8485b4c045fa8e03f960196,0.0,0.0,0.0,0.0,0.0,0.0,0.0,0.0,0.0,0.0,0.0,0.0,2.956221e+19,4.4343315e+19,2.959248e+19,4.438872e+19,0.0
0x9d9bdd1e5ea8577658a7eb503c085c380b4b3ae9,0.0,0.0,0.0,0.0,0.0,0.0,0.0,0.0,0.0,0.0,0.0,0.0,2.324049e+19,3.4860735e+19,1.453257e+19,2.1798855e+19,0.0
0x9dde803ee3911624baf835768588e677b4a374fe,0.0,0.0,0.0,0.0,0.0,0.0,0.0,0.0,0.0,0.0,0.0,0.0,0.0,0.0,1.153848e+20,1.730772e+20,0.0
0x9ed0dc275b3a19c072d9e39fe38f3726354b9d54,0.0,0.0,0.0,0.0,0.0,0.0,0.0,0.0,0.0,0.0,0.0,0.0,1.442112e+20,2.163168e+20,1.063419e+20,1.5951285e+20,0.0
0x9f6a95498f798b1de72f12b90f9f04dca2936773,0.0,0.0,0.0,0.0,0.0,0.0,0.0,0.0,0.0,0.0,0.0,0.0,1.365117e+20,2.0476755e+20,2.613066e+20,3.919599e+20,0.0
0x9f6d06e20be56d7b04d80bb0ded24c9802b8ad3e,0.0,0.0,0.0,0.0,0.0,0.0,0.0,0.0,0.0,0.0,0.0,0.0,8.90121e+18,1.3351815e+19,8.90673e+18,1.3360095e+19,0.0
0x9f9f211b1f08455d7607a2b339d031059cad264a,0.0,0.0,0.0,0.0,0.0,0.0,0.0,0.0,0.0,0.0,0.0,0.0,1.153683e+20,1.7305245e+20,1.153857e+20,1.7307855e+20,0.0
0x9fe00f63fb4a6be2651a27e607b0c7ea306f1266,0.0,0.0,0.0,0.0,0.0,0.0,0.0,0.0,0.0,0.0,0.0,0.0,8.89923e+18,1.3348845e+19,8.90493e+18,1.3357395e+19,0.0
0xa0282114514e6e7fa900af95d375ef0449413c5f,0.0,0.0,0.0,0.0,0.0,0.0,0.0,0.0,0.0,0.0,0.0,0.0,1.153686e+20,1.730529e+20,1.153851e+20,1.7307765e+20,0.0
0xa06385372a854e4aae3fdbf769dcc85a11f699a0,0.0,0.0,0.0,0.0,0.0,0.0,0.0,0.0,0.0,0.0,0.0,0.0,1.186905e+19,1.7803575e+19,1.18761e+19,1.781415e+19,0.0
0xa1dfed3259d9c7492f26ee87bfcfa0eb833eebf4,0.0,0.0,0.0,0.0,0.0,0.0,0.0,0.0,0.0,0.0,0.0,0.0,8.61867e+19,1.2928005e+20,2.706939e+20,4.0604085000000006e+20,0.0
0xa2462ec8ee4aa2abd6da60907b80f6be578cd723,0.0,0.0,0.0,0.0,0.0,0.0,0.0,0.0,0.0,0.0,0.0,0.0,1.483803e+19,2.2257045e+19,1.484661e+19,2.2269915e+19,0.0
0xa281fb7f9b25ba3bef7e4d5615a4ff256064ab22,0.0,0.0,0.0,0.0,0.0,0.0,0.0,0.0,0.0,0.0,0.0,0.0,2.905074e+18,4.357611e+18,2.90652e+18,4.35978e+18,0.0
0xa2993963899d0b300ce10ce10fc700ee9f756e69,0.0,0.0,0.0,0.0,0.0,0.0,0.0,0.0,0.0,0.0,0.0,0.0,2.328507e+20,3.4927605000000006e+20,4.516332e+20,6.774498e+20,0.0
0xa2c931f64a395a451dc1382e24aeacc2383483b2,0.0,0.0,0.0,0.0,0.0,0.0,0.0,0.0,0.0,0.0,0.0,0.0,1.153677e+20,1.7305155e+20,1.153854e+20,1.730781e+20,0.0
0xa30f30f100d9e4dd294c8475316d3e982e87880d,0.0,0.0,0.0,0.0,0.0,0.0,0.0,0.0,0.0,0.0,0.0,0.0,2.908608e+19,4.362912e+19,5.82087e+19,8.731305e+19,0.0
0xa362ddf93ef4a2a8c4ba5db70e1e46015ce979aa,0.0,0.0,0.0,0.0,0.0,0.0,0.0,0.0,0.0,0.0,0.0,0.0,8.90598e+19,1.335897e+20,2.333292e+20,3.499938e+20,0.0
0xa442c260075a796807c3bd6f58b7526d347e1896,0.0,0.0,0.0,0.0,0.0,0.0,0.0,0.0,0.0,0.0,0.0,0.0,1.483806e+19,2.225709e+19,1.484667e+19,2.2270005e+19,0.0
0xa4431d8ad55bc69c055cd452d58640764ac1185c,0.0,0.0,0.0,0.0,0.0,0.0,0.0,0.0,0.0,0.0,0.0,0.0,8.82732e+18,1.324098e+19,1.478448e+20,2.217672e+20,0.0
0xa49e2023f4a12cfbfcee689d7dce9d963f51b2dc,0.0,0.0,0.0,0.0,0.0,0.0,0.0,0.0,0.0,0.0,0.0,0.0,1.07469e+20,1.612035e+20,6.1029e+19,9.15435e+19,0.0
0xa4a7b37c8f0f3b1967ef286ef8a687bdc91f72b4,0.0,0.0,0.0,0.0,0.0,0.0,0.0,0.0,0.0,0.0,0.0,0.0,2.942424e+18,4.413636e+18,2.95689e+18,4.435335e+18,0.0
0xa4f215677fb417ae526e266da8b7b065acb4f20f,0.0,0.0,0.0,0.0,0.0,0.0,0.0,0.0,0.0,0.0,0.0,0.0,5.93466e+18,8.90199e+18,5.9382e+18,8.9073e+18,0.0
0xa607d34a795145a55a692bcadc34afc88b4b3da5,0.0,0.0,0.0,0.0,0.0,0.0,0.0,0.0,0.0,0.0,0.0,0.0,6.539502e+20,9.809253e+20,9.286659e+20,1.3929988499999999e+21,0.0
0xa6326c528cd3f6640aa7007a8d2865ad8543c440,0.0,0.0,0.0,0.0,0.0,0.0,0.0,0.0,0.0,0.0,0.0,0.0,2.363814e+20,3.545721e+20,1.758978e+20,2.638467e+20,0.0
0xa70c0f6bff4fd0002459b75c5349a5fa18f37303,0.0,0.0,0.0,0.0,0.0,0.0,0.0,0.0,0.0,0.0,0.0,0.0,3.5481e+19,5.32215e+19,1.480092e+20,2.220138e+20,0.0
0xa7220b4afcec421d559a5ecb17fa424e01691dcf,0.0,0.0,0.0,0.0,0.0,0.0,0.0,0.0,0.0,0.0,0.0,0.0,8.90151e+18,1.3352265e+19,8.90703e+18,1.3360545e+19,0.0
0xa7f558ebeaa1b240e015cd6604c593558d9cb87a,0.0,0.0,0.0,0.0,0.0,0.0,0.0,0.0,0.0,0.0,0.0,0.0,8.89992e+18,1.334988e+19,8.90562e+18,1.335843e+19,0.0
0xa80d87896f02796cc4905ebed9ea93ac90f07ac7,0.0,0.0,0.0,0.0,0.0,0.0,0.0,0.0,0.0,0.0,0.0,0.0,8.13297e+19,1.2199455e+20,6.39357e+19,9.590355e+19,0.0
0xa904a0f8b4f0292785ad610dae1084a916142a77,0.0,0.0,0.0,0.0,0.0,0.0,0.0,0.0,0.0,0.0,0.0,0.0,3.4687065e+21,5.20305975e+21,4.3557212999999994e+21,6.53358195e+21,0.0
0xa996b777171dbdaf586668a0fb49d56b58b0ef7d,0.0,0.0,0.0,0.0,0.0,0.0,0.0,0.0,0.0,0.0,0.0,0.0,2.954427e+19,4.4316405e+19,2.957376e+19,4.436064e+19,0.0
0xa9b9d44183d982cb2e2e7f7db8dc95e92f5048df,0.0,0.0,0.0,0.0,0.0,0.0,0.0,0.0,0.0,0.0,0.0,0.0,1.768825452801414e+20,2.6532381792021204e+20,1.802523e+20,2.7037845000000002e+20,0.0
0xaaabb949f7cd94d57b53c96105ea398fde84f827,0.0,0.0,0.0,0.0,0.0,0.0,0.0,0.0,0.0,0.0,0.0,0.0,1.442118e+20,2.163177e+20,1.063416e+20,1.595124e+20,0.0
0xaafa21ed47f390ca6f1de7b947efe28083912306,0.0,0.0,0.0,0.0,0.0,0.0,0.0,0.0,0.0,0.0,0.0,0.0,5.898298508999999e+21,8.8474477635e+21,6.50476209e+21,9.757143135e+21,0.0
0xab34882b493cf9b71f3c4acb04436101b5f661ab,0.0,0.0,0.0,0.0,0.0,0.0,0.0,0.0,0.0,0.0,0.0,0.0,1.186899e+19,1.7803485e+19,1.187604e+19,1.781406e+19,0.0
0xab5e829714777d1565ee24eea7bc76d302387da7,0.0,0.0,0.0,0.0,0.0,0.0,0.0,0.0,0.0,0.0,0.0,0.0,8.90124e+18,1.335186e+19,8.90673e+18,1.3360095e+19,0.0
0xabceb0f84c830d6d7b94c6273f2ab27ca597aa25,0.0,0.0,0.0,0.0,0.0,0.0,0.0,0.0,0.0,0.0,0.0,0.0,2.964993e+19,4.4474895e+19,2.966136e+19,4.449204e+19,0.0
0xac81228c2f025df0df4ed6468479ac066079dc8c,0.0,0.0,0.0,0.0,0.0,0.0,0.0,0.0,0.0,0.0,0.0,0.0,1.480167e+20,2.2202505000000002e+20,0.0,0.0,0.0
0xaccef70c596ffffc97378c4e99ed62c40ffc0ea0,0.0,0.0,0.0,0.0,0.0,0.0,0.0,0.0,0.0,0.0,0.0,0.0,5.263482e+20,7.895223e+20,1.0200732e+21,1.5301098e+21,0.0
0xadc60ef4a4eeffacddce0cba070af4a30ed9b849,0.0,0.0,0.0,0.0,0.0,0.0,0.0,0.0,0.0,0.0,0.0,0.0,1.15368e+20,1.73052e+20,0.0,0.0,0.0
0xadf6bbc8e458cd5a5b049c8b1a7fb84932ba1cca,0.0,0.0,0.0,0.0,0.0,0.0,0.0,0.0,0.0,0.0,0.0,0.0,1.8926874599999999e+21,2.83903119e+21,1.228307985e+21,1.8424619775000002e+21,0.0
0xaf5abfb152888702a4240755eeafe75b9fd16913,0.0,0.0,0.0,0.0,0.0,0.0,0.0,0.0,0.0,0.0,0.0,0.0,3.70491e+20,5.5573650000000005e+20,3.89688e+20,5.84532e+20,0.0
0xb045246d7ea7a033a987c55c2e9241fb0937161b,0.0,0.0,0.0,0.0,0.0,0.0,0.0,0.0,0.0,0.0,0.0,0.0,2.037489e+20,3.0562335e+20,0.0,0.0,0.0
0xb061b225d0dd4dcdaed7b1ea025737bd97147dcb,0.0,0.0,0.0,0.0,0.0,0.0,0.0,0.0,0.0,0.0,0.0,0.0,5.93049e+18,8.895735e+18,0.0,0.0,0.0
0xb24561904eeb5b2964e4410c30b9c2617b275acd,0.0,0.0,0.0,0.0,0.0,0.0,0.0,0.0,0.0,0.0,0.0,0.0,8.9019e+18,1.335285e+19,8.90721e+18,1.3360815e+19,0.0
0xb25b2ad4c8ff2080e173368ee8dd4ac5d494be69,0.0,0.0,0.0,0.0,0.0,0.0,0.0,0.0,0.0,0.0,0.0,0.0,1.227321e+20,1.8409815e+20,5.61525e+20,8.422875e+20,0.0
0xb271769c54b07e33e7f9f337fac2988c404e1da9,0.0,0.0,0.0,0.0,0.0,0.0,0.0,0.0,0.0,0.0,0.0,0.0,1.455432e+20,2.183148e+20,2.330469e+20,3.4957034999999994e+20,0.0
0xb5144535b2cf0b628eb39d0da8fe1c6aba5ddfd0,0.0,0.0,0.0,0.0,0.0,0.0,0.0,0.0,0.0,0.0,0.0,0.0,2.734938e+20,4.102407e+20,2.678193e+20,4.0172895e+20,0.0
0xb5693b3fe31603dc8e83bfadf52c00fa294ddc17,0.0,0.0,0.0,0.0,0.0,0.0,0.0,0.0,0.0,0.0,0.0,0.0,7.43508e+19,1.115262e+20,7.44369e+19,1.1165535e+20,0.0
0xb6c52fb4f339525f7e4f94085288800ad17f3047,0.0,0.0,0.0,0.0,0.0,0.0,0.0,0.0,0.0,0.0,0.0,0.0,2.077386e+19,3.116079e+19,2.078592e+19,3.117888e+19,0.0
0xb71abdba3622dd61844b91c82af232e9f5f22d6b,0.0,0.0,0.0,0.0,0.0,0.0,0.0,0.0,0.0,0.0,0.0,0.0,104761359384576.0,157142039076864.0,3.25998e+20,4.88997e+20,0.0
0xb72d9c3b458cb9681e183704c0237c4b8b196834,0.0,0.0,0.0,0.0,0.0,0.0,0.0,0.0,0.0,0.0,0.0,0.0,2.07033e+19,3.105495e+19,0.0,0.0,0.0
0xb789a2b3cf7972b6d396b1b0f92a382cd47fb33f,0.0,0.0,0.0,0.0,0.0,0.0,0.0,0.0,0.0,0.0,0.0,0.0,1.452534e+19,2.178801e+19,5.5224e+19,8.2836e+19,0.0
0xb7fee4f0e877a348481355fff757d8a079a2a48b,0.0,0.0,0.0,0.0,0.0,0.0,0.0,0.0,0.0,0.0,0.0,0.0,2.944518e+20,4.416777e+20,1.786494e+19,2.679741e+19,0.0
0xb7ff55bf999c21a441e7833b1346dab299762f1f,0.0,0.0,0.0,0.0,0.0,0.0,0.0,0.0,0.0,0.0,0.0,0.0,1.456356e+19,2.184534e+19,1.457364e+19,2.186046e+19,0.0
0xb811dd00f18b48229e1afc353baa45b15a48ba3d,0.0,0.0,0.0,0.0,0.0,0.0,0.0,0.0,0.0,0.0,0.0,0.0,-58878360182784.0,-88317540274176.0,3.2561013317240095e+18,4.884151997586014e+18,0.0
0xb86ef51a3c503e0971559d91e424f2f08374b441,0.0,0.0,0.0,0.0,0.0,0.0,0.0,0.0,0.0,0.0,0.0,0.0,2.9713551e+20,4.457032649999999e+20,4.8954e+20,7.3431e+20,0.0
0xb9c85187a4950f6a7e6e7f317f90ab38a4613b01,0.0,0.0,0.0,0.0,0.0,0.0,0.0,0.0,0.0,0.0,0.0,0.0,8.9019e+18,1.335285e+19,8.90718e+18,1.336077e+19,0.0
0xbac94bb63b7df7171d26875f5b37d0c737160d32,0.0,0.0,0.0,0.0,0.0,0.0,0.0,0.0,0.0,0.0,0.0,0.0,8.89986e+18,1.334979e+19,8.90547e+18,1.3358205e+19,0.0
0xbae30fbf6a7e3b920727f775388a99ae34dfda1e,0.0,0.0,0.0,0.0,0.0,0.0,0.0,0.0,0.0,0.0,0.0,0.0,8.89989e+18,1.3349835e+19,8.90559e+18,1.3358385e+19,0.0
0xbb46131d139b64b5739c857c1583c07ca34e7b2f,0.0,0.0,0.0,0.0,0.0,0.0,0.0,0.0,0.0,0.0,0.0,0.0,1.746294e+20,2.619441e+20,1.747461e+20,2.6211914999999998e+20,0.0
0xbd36517b9942026aea92388839e468a9c6e6b646,0.0,0.0,0.0,0.0,0.0,0.0,0.0,0.0,0.0,0.0,0.0,0.0,2.62002e+20,3.93003e+20,2.70693e+20,4.060395e+20,0.0
0xbdec7287c08c0c153f9843c4796d59e3bf7178e4,0.0,0.0,0.0,0.0,0.0,0.0,0.0,0.0,0.0,0.0,0.0,0.0,2.954397e+19,4.4315955e+19,2.957214e+19,4.435821e+19,0.0
0xbec957b5205cd3da33588df02e176e43d391d44f,0.0,0.0,0.0,0.0,0.0,0.0,0.0,0.0,0.0,0.0,0.0,0.0,5.93565e+18,8.903475e+18,5.9391e+18,8.90865e+18,0.0
0xbf1d10c96646c98a79bfbde0ba3feb5edae99920,0.0,0.0,0.0,0.0,0.0,0.0,0.0,0.0,0.0,0.0,0.0,0.0,2.146062e+20,3.219093e+20,1.971096e+20,2.956644e+20,0.0
0xbf21905312db8e8f8f97146c4ba62a4bfaf888a7,0.0,0.0,0.0,0.0,0.0,0.0,0.0,0.0,0.0,0.0,0.0,0.0,3.183672e+20,4.775508e+20,8.088903e+20,1.21333545e+21,0.0
0xbf713bad9e90f92bb95afbfdd7b42312da76297c,0.0,0.0,0.0,0.0,0.0,0.0,0.0,0.0,0.0,0.0,0.0,0.0,3.89001e+21,5.835014999999999e+21,3.0416763e+21,4.5625144500000003e+21,0.0
0xc0a32e6f3914d13dfa99460e80fa3b0fc03755f0,0.0,0.0,0.0,0.0,0.0,0.0,0.0,0.0,0.0,0.0,0.0,0.0,3.2713068e+19,4.9069602e+19,3.2747649e+19,4.91214735e+19,0.0
0xc117da4121bf4357a1ac93a890c99e10a66b2435,0.0,0.0,0.0,0.0,0.0,0.0,0.0,0.0,0.0,0.0,0.0,0.0,2.897604e+21,4.3464059999999995e+21,2.893851e+21,4.3407765e+21,0.0
0xc12f88cd42835aacce936303084903da2f48e8da,0.0,0.0,0.0,0.0,0.0,0.0,0.0,0.0,0.0,0.0,0.0,0.0,1.452534e+19,2.178801e+19,8.71956e+18,1.307934e+19,0.0
0xc33e3272d29d0cd5a7371a3114080ffdc333e892,0.0,0.0,0.0,0.0,0.0,0.0,0.0,0.0,0.0,0.0,0.0,0.0,1.756008e+20,2.634012e+20,2.305488e+20,3.458232e+20,0.0
0xc364142ef14a949e6ba4a4ae04074891d17c91ef,0.0,0.0,0.0,0.0,0.0,0.0,0.0,0.0,0.0,0.0,0.0,0.0,4.51257e+20,6.768855e+20,2.49855e+20,3.747825e+20,0.0
0xc36a605e3102f518a57459e838e91ea27559eb0b,0.0,0.0,0.0,0.0,0.0,0.0,0.0,0.0,0.0,0.0,0.0,0.0,8.90187e+18,1.3352805e+19,8.90721e+18,1.3360815e+19,0.0
0xc3bd973ac82909b752aeb36265945c808d62b340,0.0,0.0,0.0,0.0,0.0,0.0,0.0,0.0,0.0,0.0,0.0,0.0,7.987992e+20,1.1981988e+21,6.4517829e+20,9.67767435e+20,0.0
0xc4ebcdd280c998213f719e8918612e0903eb2092,0.0,0.0,0.0,0.0,0.0,0.0,0.0,0.0,0.0,0.0,0.0,0.0,1.183878e+20,1.775817e+20,0.0,0.0,0.0
0xc518f62ccc4b003a37b5f4d12a9ceecced1df1d9,0.0,0.0,0.0,0.0,0.0,0.0,0.0,0.0,0.0,0.0,0.0,0.0,4.64868e+19,6.97302e+19,4.65111e+19,6.976665e+19,0.0
0xc5e21d60e0a2339e2489f467df847b92496bd308,0.0,0.0,0.0,0.0,0.0,0.0,0.0,0.0,0.0,0.0,0.0,0.0,8.555582999999999e+20,1.28333745e+21,6.8306409e+20,1.024596135e+21,0.0
0xc62817fcb53a7d49bf3ac62270181d05f5451fd5,0.0,0.0,0.0,0.0,0.0,0.0,0.0,0.0,0.0,0.0,0.0,0.0,1.186899e+19,1.7803485e+19,1.187604e+19,1.781406e+19,0.0
0xc703998c63e8003b153e7dc72da2507de70a498d,0.0,0.0,0.0,0.0,0.0,0.0,0.0,0.0,0.0,0.0,0.0,0.0,6.613659927796461e+20,9.920489891694691e+20,8.179164705057857e+20,1.2268747057586784e+21,0.0
0xc79aca1c28f03574e5f5bd88f6f79de746728e4f,0.0,0.0,0.0,0.0,0.0,0.0,0.0,0.0,0.0,0.0,0.0,0.0,1.186563e+19,1.7798445e+19,1.187322e+19,1.780983e+19,0.0
0xc814275d8b5e76bd163d10b9a9cc626439b6f39c,0.0,0.0,0.0,0.0,0.0,0.0,0.0,0.0,0.0,0.0,0.0,0.0,1.746486e+20,2.619729e+20,1.747848e+20,2.621772e+20,0.0
0xc86b0aa8810f3fa154dd01768e39608d4d687428,0.0,0.0,0.0,0.0,0.0,0.0,0.0,0.0,0.0,0.0,0.0,0.0,5.93466e+18,8.90199e+18,5.93817e+18,8.907255e+18,0.0
0xcaa01015719cba6f3b207ffd90be9def1710ceea,0.0,0.0,0.0,0.0,0.0,0.0,0.0,0.0,0.0,0.0,0.0,0.0,2.925831e+20,4.3887465e+20,3.10539e+20,4.6580850000000005e+20,0.0
0xcbc2fbfa2db3fc5f96e287c12228927effca85a5,0.0,0.0,0.0,0.0,0.0,0.0,0.0,0.0,0.0,0.0,0.0,0.0,8.89926e+18,1.334889e+19,8.90493e+18,1.3357395e+19,0.0
0xcc27ff86ded186859416fbafb220e91762ae34f7,0.0,0.0,0.0,0.0,0.0,0.0,0.0,0.0,0.0,0.0,0.0,0.0,4.11171e+20,6.167565e+20,3.43584e+20,5.15376e+20,0.0
0xcd247e021f6ef24e75779fb8c4313120d86357e2,0.0,0.0,0.0,0.0,0.0,0.0,0.0,0.0,0.0,0.0,0.0,0.0,1.218516e+20,1.827774e+20,2.70669e+20,4.060035e+20,0.0
0xcd8837e3db18cdb4154d4aff4c17cb7d52108a8c,0.0,0.0,0.0,0.0,0.0,0.0,0.0,0.0,0.0,0.0,0.0,0.0,8.9019e+18,1.335285e+19,8.90721e+18,1.3360815e+19,0.0
0xcdb2f850ff3aa12156b4a86fcbf74d958042de8b,0.0,0.0,0.0,0.0,0.0,0.0,0.0,0.0,0.0,0.0,0.0,0.0,2.957703e+19,4.4365545e+19,2.9016e+20,4.3524e+20,0.0
0xcdf816a763a74a36bbc47190fd4d2dc52ae82158,0.0,0.0,0.0,0.0,0.0,0.0,0.0,0.0,0.0,0.0,0.0,0.0,1.7432169e+19,2.61482535e+19,8.72034e+17,1.308051e+18,0.0
0xcf40829b055704328123dfd817a46ebab8475737,0.0,0.0,0.0,0.0,0.0,0.0,0.0,0.0,0.0,0.0,0.0,0.0,2.037978e+20,3.056967e+20,1.16538e+20,1.74807e+20,0.0
0xd00a8938aca41f156987de36d5207b394641c275,0.0,0.0,0.0,0.0,0.0,0.0,0.0,0.0,0.0,0.0,0.0,0.0,6.005774999999999e+20,9.008662499999998e+20,5.921630999999999e+20,8.882446499999998e+20,0.0
0xd0445ea6933a79d63337acf25fee5298b70d5c7a,0.0,0.0,0.0,0.0,0.0,0.0,0.0,0.0,0.0,0.0,0.0,0.0,1.483755e+19,2.2256325e+19,1.484583e+19,2.2268745e+19,0.0
0xd12ca40966450304383d501bdec4bb042e7f23e3,0.0,0.0,0.0,0.0,0.0,0.0,0.0,0.0,0.0,0.0,0.0,0.0,8.90151e+18,1.3352265e+19,8.907e+18,1.33605e+19,0.0
0xd155a6d6dd9d7529d49c29229a7dbe32e241efc3,0.0,0.0,0.0,0.0,0.0,0.0,0.0,0.0,0.0,0.0,0.0,0.0,3.04626e+20,4.56939e+20,4.81047e+20,7.215705e+20,0.0
0xd1fb62608989d24e7136bdfdd5b5f512554b9e8a,0.0,0.0,0.0,0.0,0.0,0.0,0.0,0.0,0.0,0.0,0.0,0.0,8.90124e+18,1.335186e+19,8.90673e+18,1.3360095e+19,0.0
0xd3086119573abf4f582fa9e3c52676ebb19342e8,0.0,0.0,0.0,0.0,0.0,0.0,0.0,0.0,0.0,0.0,0.0,0.0,2.967933e+18,4.4518995e+18,2.969652e+18,4.454478e+18,0.0
0xd328029ef03e8a3e422760c9a48852c19d0f5a66,0.0,0.0,0.0,0.0,0.0,0.0,0.0,0.0,0.0,0.0,0.0,0.0,1.2298363500000001e+21,1.844754525e+21,8.54835e+20,1.2822525e+21,0.0
0xd5b54e64991b6bd2e805023e881b2526422b9239,0.0,0.0,0.0,0.0,0.0,0.0,0.0,0.0,0.0,0.0,0.0,0.0,1.48023e+20,2.220345e+20,1.481007e+20,2.2215105000000002e+20,0.0
0xd675c41e0771bbe99e3b6f67d53ef578a6aab70b,0.0,0.0,0.0,0.0,0.0,0.0,0.0,0.0,0.0,0.0,0.0,0.0,8.90124e+18,1.335186e+19,8.90673e+18,1.3360095e+19,0.0
0xd72c4196f98af2dc99d588560d48381f067eb19c,0.0,0.0,0.0,0.0,0.0,0.0,0.0,0.0,0.0,0.0,0.0,0.0,4.4295654000000007e+21,6.644348100000001e+21,3.7954725000000003e+21,5.69320875e+21,0.0
0xd800e6c419afa29c5d3bc8a141af6162ca40798e,0.0,0.0,0.0,0.0,0.0,0.0,0.0,0.0,0.0,0.0,0.0,0.0,4.65704397e+20,6.985565955e+20,7.595254643020075e+20,1.139288196453011e+21,0.0
0xd8c9507fca312d7b438d52bfb860a979e6a7c22a,0.0,0.0,0.0,0.0,0.0,0.0,0.0,0.0,0.0,0.0,0.0,0.0,2.834268e+18,4.251402e+18,0.0,0.0,0.0
0xd94e1c5376665a9b18ab93542d38005c36d64790,0.0,0.0,0.0,0.0,0.0,0.0,0.0,0.0,0.0,0.0,0.0,0.0,1.479882e+19,2.219823e+19,1.480809e+19,2.2212135e+19,0.0
0xda38c543596b7e1b79ad0ac2c7797adb914ea3c5,0.0,0.0,0.0,0.0,0.0,0.0,0.0,0.0,0.0,0.0,0.0,0.0,2.072073e+19,3.1081095e+19,2.07315e+19,3.109725e+19,0.0
0xdad099fa0ceb99a7c0c0bb4cfa4b8151be9f4306,0.0,0.0,0.0,0.0,0.0,0.0,0.0,0.0,0.0,0.0,0.0,0.0,1.9486422220457902e+21,2.922963333068686e+21,1.569552862570702e+21,2.354329293856053e+21,0.0
0xdae415bf5d9400aee430699fa8e7f406647bc572,0.0,0.0,0.0,0.0,0.0,0.0,0.0,0.0,0.0,0.0,0.0,0.0,5.93466e+18,8.90199e+18,5.93817e+18,8.907255e+18,0.0
0xdba8a45305ff65dccbeec22ccc5127b4ee84dbff,0.0,0.0,0.0,0.0,0.0,0.0,0.0,0.0,0.0,0.0,0.0,0.0,2.76588e+20,4.14882e+20,8.87067e+19,1.3306005e+20,0.0
0xdc29a14a5f6c5c038759eee1f0ff2edba87f6f96,0.0,0.0,0.0,0.0,0.0,0.0,0.0,0.0,0.0,0.0,0.0,0.0,5.93532e+18,8.90298e+18,5.93883e+18,8.908245e+18,0.0
0xdc64a6620c4307aa25b7b91d07f4a3a8f350b172,0.0,0.0,0.0,0.0,0.0,0.0,0.0,0.0,0.0,0.0,0.0,0.0,6.1538208e+20,9.2307312e+20,6.009401700000001e+20,9.014102550000001e+20,0.0
0xde1ac7360340f506786e0a08b7d45d014d07a1c3,0.0,0.0,0.0,0.0,0.0,0.0,0.0,0.0,0.0,0.0,0.0,0.0,8.87907e+18,1.3318605e+19,8.88435e+18,1.3326525e+19,0.0
0xde36280b28ed2d780c6ad3ef393c6a22da248693,0.0,0.0,0.0,0.0,0.0,0.0,0.0,0.0,0.0,0.0,0.0,0.0,1.186902e+19,1.780353e+19,1.187607e+19,1.7814105e+19,0.0
0xdec0de987db64adbe297dac3762178a1b103014e,0.0,0.0,0.0,0.0,0.0,0.0,0.0,0.0,0.0,0.0,0.0,0.0,1.138113e+20,1.7071695e+20,2.75019e+20,4.125285e+20,0.0
0xdf13f2ac95b43ada5fd719c3abc95e2b699692a8,0.0,0.0,0.0,0.0,0.0,0.0,0.0,0.0,0.0,0.0,0.0,0.0,1.442115e+20,2.1631725e+20,2.563218e+20,3.844827e+20,0.0
0xe09ad735d16a8213dc4877cb9cc1faf8c74357ae,0.0,0.0,0.0,0.0,0.0,0.0,0.0,0.0,0.0,0.0,0.0,0.0,7.39428e+19,1.109142e+20,8.88246e+18,1.332369e+19,0.0
0xe0b652e92efd6c4db4a18ad8fd5ef8786d558f6f,0.0,0.0,0.0,0.0,0.0,0.0,0.0,0.0,0.0,0.0,0.0,0.0,1.452318e+19,2.178477e+19,8.71851e+18,1.3077765e+19,0.0
0xe0e47c93757943552781dc1ec9970625dec88a65,0.0,0.0,0.0,0.0,0.0,0.0,0.0,0.0,0.0,0.0,0.0,0.0,3.24984e+20,4.87476e+20,4.70943e+20,7.064145000000001e+20,0.0
0xe25d787eadda39578f6e1ce5e5cf6835ba43a370,0.0,0.0,0.0,0.0,0.0,0.0,0.0,0.0,0.0,0.0,0.0,0.0,2.476371e+20,3.7145565e+20,2.333304e+20,3.499956e+20,0.0
0xe3d95503900977c4a8b9322a2c059f176d80789b,0.0,0.0,0.0,0.0,0.0,0.0,0.0,0.0,0.0,0.0,0.0,0.0,1.442121e+20,2.1631815e+20,1.092156e+20,1.638234e+20,0.0
0xe42612119acb19c8c9773e79e3530203b6c5f109,0.0,0.0,0.0,0.0,0.0,0.0,0.0,0.0,0.0,0.0,0.0,0.0,2.962449e+19,4.4436735e+19,0.0,0.0,0.0
0xe47468ea3129ee933d89fecc29bf14a3eeefbd7e,0.0,0.0,0.0,0.0,0.0,0.0,0.0,0.0,0.0,0.0,0.0,0.0,1.743273e+20,2.6149094999999998e+20,2.005794e+20,3.008691e+20,0.0
0xe58056ffb6f5c5056af172f3717a2f2bcea053b6,0.0,0.0,0.0,0.0,0.0,0.0,0.0,0.0,0.0,0.0,0.0,0.0,1.18656e+19,1.77984e+19,1.187319e+19,1.7809785e+19,0.0
0xe5988e0a077491660baddb23d2444c5519195596,0.0,0.0,0.0,0.0,0.0,0.0,0.0,0.0,0.0,0.0,0.0,0.0,3.55566e+20,5.33349e+20,3.31926e+20,4.97889e+20,0.0
0xe5e0e1fcbdec9d8a52dd5eaa7c89c6f9bd2f0ff9,0.0,0.0,0.0,0.0,0.0,0.0,0.0,0.0,0.0,0.0,0.0,0.0,2.964663e+18,4.4469945e+18,2.965602e+18,4.448403e+18,0.0
0xe6b5c0c4f978ed046d2947e78855ee11064268b3,0.0,0.0,0.0,0.0,0.0,0.0,0.0,0.0,0.0,0.0,0.0,0.0,0.0,0.0,2.620701e+20,3.9310515e+20,0.0
0xe6ecf4a3bf417f34d14cbeb622870cd4c3d420ac,0.0,0.0,0.0,0.0,0.0,0.0,0.0,0.0,0.0,0.0,0.0,0.0,1.442124e+20,2.163186e+20,1.120902e+20,1.681353e+20,0.0
0xe721299d5327994b48e515d99f1c05f466f46a60,0.0,0.0,0.0,0.0,0.0,0.0,0.0,0.0,0.0,0.0,0.0,0.0,5.93535e+18,8.903025e+18,5.93883e+18,8.908245e+18,0.0
0xe7832071ed24f2437d5d292d7873a0b193c2b0d5,0.0,0.0,0.0,0.0,0.0,0.0,0.0,0.0,0.0,0.0,0.0,0.0,1.18656e+19,1.77984e+19,1.187319e+19,1.7809785e+19,0.0
0xe7c81a32132db7be0e90b242c345f7bd8ee55525,0.0,0.0,0.0,0.0,0.0,0.0,0.0,0.0,0.0,0.0,0.0,0.0,0.0,0.0,1.153851e+20,1.7307765e+20,0.0
0xe83ded34adbe4b52b1611dca0ea4fcf23f3ee01f,0.0,0.0,0.0,0.0,0.0,0.0,0.0,0.0,0.0,0.0,0.0,0.0,2.975157e+18,4.4627355e+18,2.979228e+18,4.468842e+18,0.0
0xe86d4e36124ecc84760cdc2eb2e0e7c9728c4ff0,0.0,0.0,0.0,0.0,0.0,0.0,0.0,0.0,0.0,0.0,0.0,0.0,1.1011597131198983e+22,1.6517395696798476e+22,1.107125378684218e+22,1.6606880680263268e+22,0.0
0xe89d24c57a2cf6260d858ab3962a4a6597a9be0c,0.0,0.0,0.0,0.0,0.0,0.0,0.0,0.0,0.0,0.0,0.0,0.0,1.442121e+20,2.1631815e+20,9.77193e+19,1.4657895e+20,0.0
0xe934771184a894d7a436c7d30174eb713009a184,0.0,0.0,0.0,0.0,0.0,0.0,0.0,0.0,0.0,0.0,0.0,0.0,3.0477891e+20,4.57168365e+20,0.0,0.0,0.0
0xe9da3b8e0fdc4e641806de50c3e0e31e6dab8cb8,0.0,0.0,0.0,0.0,0.0,0.0,0.0,0.0,0.0,0.0,0.0,0.0,3.16557e+20,4.7483549999999995e+20,4.49367e+20,6.740505e+20,0.0
0xea269042851b0d65a3eeae4ff2b7b2c1a9d84cd5,0.0,0.0,0.0,0.0,0.0,0.0,0.0,0.0,0.0,0.0,0.0,0.0,2.366094e+19,3.549141e+19,0.0,0.0,0.0
0xea827a1467540615986869723694e8710251fbb1,0.0,0.0,0.0,0.0,0.0,0.0,0.0,0.0,0.0,0.0,0.0,0.0,2.161185e+20,3.2417775e+20,1.954167e+20,2.9312505000000002e+20,0.0
0xec273603364472bdede2155e8c324f46adfcfffc,0.0,0.0,0.0,0.0,0.0,0.0,0.0,0.0,0.0,0.0,0.0,0.0,4.36662e+20,6.54993e+20,3.94035e+20,5.910525e+20,0.0
0xed2c2cdec695be3a4dc421c1a8a6756dc5a927b6,0.0,0.0,0.0,0.0,0.0,0.0,0.0,0.0,0.0,0.0,0.0,0.0,2.765208e+20,4.147812e+20,7.28259e+19,1.0923885e+20,0.0
0xed836e80b85e1723f44cdd1a6233ffce288cd14e,0.0,0.0,0.0,0.0,0.0,0.0,0.0,0.0,0.0,0.0,0.0,0.0,1.442121e+20,2.1631815e+20,1.063419e+20,1.5951285e+20,0.0
0xeda16ad5a68f0367a405935ede5b62a6e853173b,0.0,0.0,0.0,0.0,0.0,0.0,0.0,0.0,0.0,0.0,0.0,0.0,6.011634e+20,9.017451e+20,5.4822149999999995e+20,8.2233225e+20,0.0
0xee43ac49631b4488e7c2c3d7e354ca1e17512fa2,0.0,0.0,0.0,0.0,0.0,0.0,0.0,0.0,0.0,0.0,0.0,0.0,8.8884e+19,1.33326e+20,1.185369e+20,1.7780535e+20,0.0
0xef62ed0855b10bfb55abd1a60a725c7b06781020,0.0,0.0,0.0,0.0,0.0,0.0,0.0,0.0,0.0,0.0,0.0,0.0,9.6098958e+20,1.44148437e+21,8.3690682e+20,1.25536023e+21,0.0
0xefcc770e3880b5e12d26a1a2dd0ef830e3a8493f,0.0,0.0,0.0,0.0,0.0,0.0,0.0,0.0,0.0,0.0,0.0,0.0,2.18982e+20,3.28473e+20,1.922079e+20,2.8831185000000002e+20,0.0
0xf010af8ecc915f5f296ddf09f46fbd3b95fe14f0,0.0,0.0,0.0,0.0,0.0,0.0,0.0,0.0,0.0,0.0,0.0,0.0,5.3984662800000005e+20,8.09769942e+20,2.402034e+20,3.603051e+20,0.0
0xf0356a263a8fb286ca7bff3c80915c3cc96fecd6,0.0,0.0,0.0,0.0,0.0,0.0,0.0,0.0,0.0,0.0,0.0,0.0,1.442118e+20,2.163177e+20,1.264602e+20,1.896903e+20,0.0
0xf0e1616acda03736fd4e57e75af7a57308e87a32,0.0,0.0,0.0,0.0,0.0,0.0,0.0,0.0,0.0,0.0,0.0,0.0,0.0,0.0,1.153854e+20,1.730781e+20,0.0
0xf14f06bc7665c8dc9fadca7f447670cee7adaa35,0.0,0.0,0.0,0.0,0.0,0.0,0.0,0.0,0.0,0.0,0.0,0.0,2.177247e+19,3.2658705e+19,2.904174e+20,4.356261e+20,0.0
0xf159654dd9f53cc2dfc41d358b41b431a69c9900,0.0,0.0,0.0,0.0,0.0,0.0,0.0,0.0,0.0,0.0,0.0,0.0,2.371779e+20,3.5576685e+20,1.749747e+20,2.6246205000000002e+20,0.0
0xf1ac29b67d0695546123185776afffb3be7dc4d1,0.0,0.0,0.0,0.0,0.0,0.0,0.0,0.0,0.0,0.0,0.0,0.0,2.982399e+19,4.4735985e+19,2.985684e+19,4.478526e+19,0.0
0xf2b3a2b72c2960ef7f9f04dcc2aec4b68e4c3770,0.0,0.0,0.0,0.0,0.0,0.0,0.0,0.0,0.0,0.0,0.0,0.0,2.125935e+20,3.1889025e+20,2.706924e+20,4.060386e+20,0.0
0xf424280897603c0108e9b2e62930f0e96cbd6060,0.0,0.0,0.0,0.0,0.0,0.0,0.0,0.0,0.0,0.0,0.0,0.0,2.765076e+20,4.147614e+20,1.059732e+20,1.589598e+20,0.0
0xf48417a9c35638d9c5890be6bdc804d0443f4557,0.0,0.0,0.0,0.0,0.0,0.0,0.0,0.0,0.0,0.0,0.0,0.0,2.967933e+18,4.4518995e+18,2.969652e+18,4.454478e+18,0.0
0xf49559a962d46b02b49a70320cbbdf2cc7ba40a7,0.0,0.0,0.0,0.0,0.0,0.0,0.0,0.0,0.0,0.0,0.0,0.0,1.48749e+20,2.231235e+20,2.085441e+20,3.1281615e+20,0.0
0xf4a34c49db3e0dfdfb3efae46e04d60ef6e9453f,0.0,0.0,0.0,0.0,0.0,0.0,0.0,0.0,0.0,0.0,0.0,0.0,1.442109e+20,2.1631635e+20,9.77193e+19,1.4657895e+20,0.0
0xf5bf296e872d300a6bb7ae7b21fb1f13e21b704e,0.0,0.0,0.0,0.0,0.0,0.0,0.0,0.0,0.0,0.0,0.0,0.0,5.93466e+18,8.90199e+18,5.93817e+18,8.907255e+18,0.0
0xf5fa0f11364cc7695c2e8c3f7c9a7de3ea2483f1,0.0,0.0,0.0,0.0,0.0,0.0,0.0,0.0,0.0,0.0,0.0,0.0,5.7001503e+21,8.550225450000001e+21,5.7277116e+21,8.591567399999999e+21,0.0
0xf63f5bdf6eaf3f50318bea89bf38a476bc77c5d8,0.0,0.0,0.0,0.0,0.0,0.0,0.0,0.0,0.0,0.0,0.0,0.0,1.135884e+19,1.703826e+19,8.841921e+19,1.3262881499999999e+20,0.0
0xf8ac524081487a11ca1d96b57e36ad4c63828691,0.0,0.0,0.0,0.0,0.0,0.0,0.0,0.0,0.0,0.0,0.0,0.0,2.324058e+19,3.486087e+19,1.45326e+19,2.17989e+19,0.0
0xf9107317b0ff77ed5b7adea15e50514a3564002b,0.0,0.0,0.0,0.0,0.0,0.0,0.0,0.0,0.0,0.0,0.0,0.0,1.745139e+19,2.6177085e+19,2.619264e+19,3.928896e+19,0.0
0xf9b5b26febcf1a408ec0844f5d01d9b01ca6c71a,0.0,0.0,0.0,0.0,0.0,0.0,0.0,0.0,0.0,0.0,0.0,0.0,1.186899e+19,1.7803485e+19,1.187604e+19,1.781406e+19,0.0
0xfa1457caf448c66ce3c2e619ccd4fcfd317b61f6,0.0,0.0,0.0,0.0,0.0,0.0,0.0,0.0,0.0,0.0,0.0,0.0,7.328757e+20,1.0993135500000001e+21,3.660687e+20,5.4910305e+20,0.0
0xfac2965a23647385ee67264db4114cac48288b87,0.0,0.0,0.0,0.0,0.0,0.0,0.0,0.0,0.0,0.0,0.0,0.0,8.89992e+18,1.334988e+19,8.90562e+18,1.335843e+19,0.0
0xfb19e4579f119acb99fbe3c7d8f0b0e36993d851,0.0,0.0,0.0,0.0,0.0,0.0,0.0,0.0,0.0,0.0,0.0,0.0,1.153686e+20,1.730529e+20,0.0,0.0,0.0
0xfb408fa20c6f6da099a7492107bc3531911896e3,0.0,0.0,0.0,0.0,0.0,0.0,0.0,0.0,0.0,0.0,0.0,0.0,2.971713e+19,4.4575695e+19,2.974146e+19,4.461219e+19,0.0
0xfb43d81e71cb6310bed2e1af3ae597fb0d1b0ae7,0.0,0.0,0.0,0.0,0.0,0.0,0.0,0.0,0.0,0.0,0.0,0.0,1.883202e+20,2.824803e+20,2.247291e+20,3.3709365000000006e+20,0.0
0xfbc998663b1b28b42375c188e2fe6b30511dbae3,0.0,0.0,0.0,0.0,0.0,0.0,0.0,0.0,0.0,0.0,0.0,0.0,8.89926e+18,1.334889e+19,8.90496e+18,1.335744e+19,0.0
0xfca786eab10ba8e5607076b47195a3f3810c11d9,0.0,0.0,0.0,0.0,0.0,0.0,0.0,0.0,0.0,0.0,0.0,0.0,9.090923699999999e+20,1.363638555e+21,7.2036108e+20,1.08054162e+21,0.0
0xfe5a96b32ae5c3967d6cd658ca6a38a1de0bf973,0.0,0.0,0.0,0.0,0.0,0.0,0.0,0.0,0.0,0.0,0.0,0.0,3.58452e+20,5.37678e+20,0.0,0.0,0.0
0xfe626a5973f2d6139f8def03121528a57a1cdb6c,0.0,0.0,0.0,0.0,0.0,0.0,0.0,0.0,0.0,0.0,0.0,0.0,1.278012e+20,1.917018e+20,3.77799e+19,5.666985e+19,0.0
0xfec555032e690cf6be0af38db6f4d3e5f77bd9d0,0.0,0.0,0.0,0.0,0.0,0.0,0.0,0.0,0.0,0.0,0.0,0.0,1.684386e+20,2.526579e+20,2.377962e+20,3.566943e+20,0.0
0xffae524017bfbe86b5ba92576e6e13cfb9a28718,0.0,0.0,0.0,0.0,0.0,0.0,0.0,0.0,0.0,0.0,0.0,0.0,9.43731e+19,1.4155965e+20,5.73192e+20,8.59788e+20,0.0
