owner_id,net_balance_DEEZ,points_DEEZ,net_balance_NUTS,points_NUTS,total_points,total_points_2
0x0036900bd0d41356577047e640df0cf10edfd2a6,2.5417419977154724e+18,254174199771547.25,4.1738030667907616e+20,4.173803066790762e+16,4.199220486767916e+16,346240.62747922627
0x0241a3859d561e11c65e324b9356bb76027ef5e7,2.57e+19,2570000000000000.0,9.87e+16,9870000000000.0,2579870000000000.0,25134.243035683812
0x02d27d55f24365f10e1a93a48009dff3035ea7dd,8.54e+19,8540000000000000.0,8.55e+19,8550000000000000.0,1.709e+16,153669.41891636502
0x037d7dc68b9f46400ee33792aa258612ad5045f1,9.63e+19,9630000000000000.0,3.703e+20,3.703e+16,4.666e+16,398862.04139452986
0x03baa102a7f591482307510b3bf14bd437691f09,9.87e+17,98700000000000.0,9.88e+17,98800000000000.0,197500000000000.0,1775.8871466150545
0x0433ab5d4605f6a1fc7c4d19eaf54370f928c7d6,0.0,0.0,8.45e+19,8450000000000000.0,0.0,0.0
0x065e80b6a6c668da2590688677716bd45ff3bfca,2.97e+18,297000000000000.0,2.97e+18,297000000000000.0,594000000000000.0,5341.376568651664
0x07303428898c21108a01be4632371c86812c8a0d,3.85e+19,3850000000000000.0,3.85e+19,3850000000000000.0,7700000000000000.0,69240.06663066971
0x073ef865b0df79ee8d45200e23494cf33444aaaf,4.84e+18,484000000000000.0,2.91e+18,291000000000000.0,775000000000000.0,7114.878407528491
0x0939bdeec8e4853d669459e0912050724e0f45d1,2.562e+19,2562000000000000.0,9.87e+18,987000000000000.0,3549000000000000.0,33104.097890710036
0x0989f5de8ac2b1233d4cc23fe2756fa2ea14f938,9.29e+19,9290000000000000.0,2.42e+19,2420000000000000.0,1.171e+16,110492.66934177975
0x0ab745472907aacdb868fe825579e7a7e0b730a5,1.98e+18,198000000000000.0,9.9e+17,99000000000000.0,297000000000000.0,2745.533649927632
0x0d2010d493a98d84949bb44d0c485d54af087c24,7.6e+19,7600000000000000.0,6.22e+19,6220000000000000.0,1.382e+16,125315.73031304528
0x0e539a81b163556b0284b6922a42f1cabdcecc5b,2.97e+18,297000000000000.0,2.97e+18,297000000000000.0,594000000000000.0,5341.376568651664
0x0e5d7ae8c27c8f27dfc9387eb9fbddf23ddd5d04,2.97e+18,297000000000000.0,2.97e+18,297000000000000.0,594000000000000.0,5341.376568651664
0x0f2a6dcd8cdaebbe1cb2960d6a7492387a6b01ed,1.85e+20,1.85e+16,5.91e+19,5910000000000000.0,2.441e+16,229018.2171015944
0x0f8aca6bb8d86bba87892efab1e19491c97387b7,3.2e+19,3200000000000000.0,7.53e+19,7530000000000000.0,1.073e+16,93212.94273282422
0x0fd16cccea5dd4bf248d8a8a02059ee5b95d7fe6,3.96e+18,396000000000000.0,3.96e+18,396000000000000.0,792000000000000.0,7121.835424868885
0x102e57edd33f1e03e4d8b6edf2ed1ca1635c9419,3.96e+18,396000000000000.0,3.96e+18,396000000000000.0,792000000000000.0,7121.835424868885
0x1032dc28334a8aa504aed761ba4599dff58a843f,2.97e+18,297000000000000.0,2.97e+18,297000000000000.0,594000000000000.0,5341.376568651664
0x11877a8b499cf00b030b37fe20575493f009cca5,2.97e+18,297000000000000.0,2.97e+18,297000000000000.0,594000000000000.0,5341.376568651664
0x11b33d24406af3fa050410314955314029531db2,6.78e+18,678000000000000.0,3.87e+18,387000000000000.0,1065000000000000.0,9796.710528543375
0x11b53d1dac74f1038a63e12651e5c4341fc19d5f,6.823e+19,6823000000000000.0,2.871e+19,2871000000000000.0,9694000000000000.0,90158.31273679985
0x11de39dba800cbaad6247920879669c3cfd5fced,7.76e+19,7760000000000000.0,4.85e+19,4850000000000000.0,1.261e+16,115591.84951869513
0x1341df844780b66af4ccc98ae0f34be87eabe1d5,4.93e+19,4930000000000000.0,4.94e+19,4940000000000000.0,9870000000000000.0,88745.61617955525
0x14f12e80add26c2824f5c84487886b43e9fd7075,3.95e+18,395000000000000.0,3.95e+18,395000000000000.0,790000000000000.0,7103.850991977802
0x1523472a93097f0568e1de518282bd6b7908b160,1.18e+20,1.18e+16,1.22e+20,1.22e+16,2.4e+16,215510.7891754135
0x15f33a77174296d80717ccc9ca780bd5f58397b5,4.54e+19,4540000000000000.0,3.29e+19,3290000000000000.0,7830000000000000.0,71354.07201103707
0x16a7da59d6328d9e765831cf9d026e0f27de71d3,9.87e+18,987000000000000.0,9.87e+18,987000000000000.0,1974000000000000.0,17750.635263498963
0x16faa6e97aec501eb03d692eb5751e37519cdbb3,2.98e+19,2980000000000000.0,2.98e+19,2980000000000000.0,5960000000000000.0,53593.61001542747
0x1718e06694adb7806435b70fe0c94c39b952331d,2.141283829564716e+19,2141283829564716.0,5.325109822586002e+20,5.3251098225860024e+16,5.539238205542474e+16,459460.56418629875
0x1724b081b6c60d4424bab1c7d21c2ad7a84e14eb,8.88e+19,8880000000000000.0,3.66e+19,3660000000000000.0,1.254e+16,116708.78623154922
0x1758a24d23b8d97b0f0e9282edd1eaa729b41e0a,1.98e+18,198000000000000.0,1.98e+18,198000000000000.0,396000000000000.0,3560.9177124344424
0x17ec9d8fb1c40532101adf98af7a7e37a8aa6ebe,2.17e+19,2170000000000000.0,9.59e+19,9590000000000000.0,1.176e+16,100138.84304840308
0x190b472d635f97f892e4812467d24028fd5544a3,1.87e+20,1.87e+16,5.11e+19,5110000000000000.0,2.381e+16,224378.90102822706
0x192f1e9d644ce15597e97a8f11c3cb54eef3214d,4.81e+19,4810000000000000.0,4.81e+19,4810000000000000.0,9620000000000000.0,86505.12220610943
0x197a78fe1bd3bbb64c1325c027bde8f67bac1770,9.91e+18,991000000000000.0,0.0,0.0,0.0,0.0
0x19f6859c13a8df8e537b376de5df6743f3967502,4.81e+19,4810000000000000.0,3.45e+19,3450000000000000.0,8260000000000000.0,75303.88659995527
0x1a270fb75584f8e7c4155accb463135aaca6183b,3.85e+19,3850000000000000.0,0.0,0.0,0.0,0.0
0x1d4c0e8b65b5f980317092c18a0908eef5d0b765,5.73e+19,5730000000000000.0,7.8177e+19,7817700000000000.0,1.35477e+16,120245.52074161763
0x1d6091d60db8c1432bfbefccb513d02f748e4800,1.98e+18,198000000000000.0,1.98e+18,198000000000000.0,396000000000000.0,3560.9177124344424
0x1e115ad201602362d8aecd52c7ad6902b1a4cb5f,2.97e+18,297000000000000.0,2.97e+18,297000000000000.0,594000000000000.0,5341.376568651664
0x1f2aac54e7f2d001572571980664aa2185aff164,7.09e+20,7.09e+16,6.562e+20,6.562e+16,1.3652e+17,1231609.1419774243
0x20fd64ed3b9d451d74b7fb54e9ff326b723aec33,1.4556e+20,1.4556e+16,1.22987e+20,1.22987e+16,2.68547e+16,243189.8249171843
0x2130c210176df0e822a40c3d8751e96d52c6a02a,2.97e+18,297000000000000.0,2.97e+18,297000000000000.0,594000000000000.0,5341.376568651664
0x2239bfbab4cd1cb8c2abb8ba33f97f523b56ccc4,3.85e+19,3850000000000000.0,3.85e+19,3850000000000000.0,7700000000000000.0,69240.06663066971
0x23f198b0c23cf1bcce7b38a1fde27ae76541c500,9.71e+18,971000000000000.0,9.65e+18,965000000000000.0,1936000000000000.0,17413.46712133213
0x2446f1a75162f045d02f23d1d3b0f5a2c0f9a4cb,5.72e+19,5720000000000000.0,7.99e+19,7990000000000000.0,1.371e+16,121567.13615609056
0x2499bdf18e33eb830bcf0d1c1e47b7e0cca07071,1.728e+20,1.728e+16,9.73e+19,9730000000000000.0,2.701e+16,248587.67033845617
0x2513aa49e95dc6368618f20e2cf75146178c94e0,3.71476e+21,3.71476e+17,3.69135e+21,3.69135e+17,7.40611e+17,6661504.242240606
0x25d47d577d3392acfef6a2f8eec46f0194ef45b3,4.95e+18,495000000000000.0,4.95e+18,495000000000000.0,990000000000000.0,8902.294281086106
0x26361c9526aae58f86d673de78b4afb0e4bf0c71,4.84e+19,4840000000000000.0,2.91e+19,2910000000000000.0,7750000000000000.0,71148.78407528492
0x26b1ca5eaac81b6563bf540a20b584b15de2768d,9.86e+17,98600000000000.0,1.974e+18,197400000000000.0,296000000000000.0,2587.001905037282
0x26c946ec023eb47cab7f28829d19dee94f77afc1,3.85e+19,3850000000000000.0,3.85e+19,3850000000000000.0,7700000000000000.0,69240.06663066971
0x26d289bdd1d259bd41d2e710fbade7a1ece8cf80,2.61e+19,2610000000000000.0,9.69e+17,96900000000000.0,2706900000000000.0,26240.968962031126
0x27ca05297dc2c8aeacbe38047c5da7179305e9b5,9.87e+18,987000000000000.0,9.78e+19,9780000000000000.0,1.0767e+16,90171.5651788766
0x289e43ef0a90b48af5463358e2403ef136aaebbc,2.97e+18,297000000000000.0,2.97e+18,297000000000000.0,594000000000000.0,5341.376568651664
0x292d4381d0a49d8d2070e0599fedfdbac54f62e0,4.96e+18,496000000000000.0,4.97e+18,497000000000000.0,993000000000000.0,8928.514916628774
0x29b6c16ca37787996c26cbd13adf94af0b75f0ff,9.86e+17,98600000000000.0,0.0,0.0,0.0,0.0
0x29de357ca23467fe9338f882fb4280b009c506da,1.0697e+20,1.0697e+16,4.262842e+20,4.262842e+16,5.332542e+16,455373.124708756
0x2aacccc2c6eb6678fe8b6f1e90209e638bcc8767,4.97e+19,4970000000000000.0,7.95e+19,7950000000000000.0,1.292e+16,113926.51537040289
0x2aad04ca153f6ab760aaf0bb4cd25c763b527be1,3.082e+20,3.082e+16,2.274e+20,2.274e+16,5.356e+16,487731.7042783811
0x2b36e6fe9a8924691b75605f6cdfaacf4eff4593,2.97e+18,297000000000000.0,2.97e+18,297000000000000.0,594000000000000.0,5341.376568651664
0x2b6e1ff59c789caa6fce38a09475cc917defc8cb,9.89e+17,98900000000000.0,9.9e+17,99000000000000.0,197900000000000.0,1779.4840331932712
0x2d4c927232345247dc1851ce206b7293d21cc830,2.97e+18,297000000000000.0,2.97e+18,297000000000000.0,594000000000000.0,5341.376568651664
0x2fc5755f9f14f16dad0a0519b1b2f4bd92a968a7,6.75e+19,6750000000000000.0,1.79e+20,1.79e+16,2.465e+16,213228.58157997153
0x301cd9e1cf526dfb9eddaf0d7a2843c90033af72,4.95e+18,495000000000000.0,4.95e+18,495000000000000.0,990000000000000.0,8902.294281086106
0x3079ed3c101c8ed6eb5abf674d55f25dbd8af060,7.68e+19,7680000000000000.0,5.94e+19,5940000000000000.0,1.362e+16,123789.4519897617
0x311183d5922870a8c6c5f7c608c27a341f56a8f9,4.95e+18,495000000000000.0,4.95e+18,495000000000000.0,990000000000000.0,8902.294281086106
0x32d320b4f3d68b20492737e6760ea64b62770878,1.818e+20,1.818e+16,1.873e+20,1.873e+16,3.691e+16,331486.9014182609
0x3367333df860dcdb70e2bb96b4302c84a1ef796c,1.73e+19,1730000000000000.0,9.08e+19,9080000000000000.0,1.081e+16,91649.15839071567
0x3415187c90ca060591f74565cdb67bd0c931f204,1.97e+19,1970000000000000.0,1.97e+19,1970000000000000.0,3940000000000000.0,35429.33279543359
0x346fd1e82e607f94ead952751c12b0e1a3f8f738,1.98e+18,198000000000000.0,1.98e+18,198000000000000.0,396000000000000.0,3560.9177124344424
0x347b8d44cd224f66cf620886fd9dddf96c11ed22,2.97e+18,297000000000000.0,2.97e+18,297000000000000.0,594000000000000.0,5341.376568651664
0x3549a9fe87d6ad80f21591984b57a7dd34ae4473,7.67e+17,76700000000000.0,0.0,0.0,0.0,0.0
0x356684ec83085baa6483570b1b6b0257511af288,8.07e+19,8070000000000000.0,3.93e+19,3930000000000000.0,1.2e+16,111036.49445348262
0x356ec53fd510b601956dd71291107116a3a76c47,7.78e+19,7780000000000000.0,5.92e+19,5920000000000000.0,1.37e+16,124599.55096067992
0x376f59d57c4db76e0da71e9952898cce419d05fc,1.213e+20,1.213e+16,1.339e+20,1.339e+16,2.552e+16,228528.78630983306
0x378b3bddbbe49210c7d1264e50949939dbf6b793,1.98e+18,198000000000000.0,0.0,0.0,0.0,0.0
0x37b522f9ffc88ee6ebea238fd9cf4bd4959d1d59,0.0,0.0,7.68e+19,7680000000000000.0,0.0,0.0
0x38fa70bc0dfb368e0a373140140a0d886552e62e,1.0432e+20,1.0432e+16,1.2587e+20,1.2587e+16,2.3019e+16,205362.6206339417
0x3a78dbe2fe755c49710aac23308bb3be073083a6,9.22e+19,9220000000000000.0,8.26e+19,8260000000000000.0,1.748e+16,157909.71671026506
0x3b75f21cdb0f933c3f7302055d24ca220881f83c,1.9297e+20,1.9297e+16,1.56e+19,1560000000000000.0,2.0857e+16,200960.075068085
0x3b9ac3ab6a1ea14c4e8ed8dc379d6038891cce97,2.96e+19,2960000000000000.0,0.0,0.0,0.0,0.0
0x3baba6964a0f5e6e5fab55547f0c03d545d35f43,4.94e+19,4940000000000000.0,8.24e+19,8240000000000000.0,1.318e+16,116022.56723217724
0x3c7f7d5381b126e1ed69eaef7b064005feda3a6e,9.22e+19,9220000000000000.0,7.88e+19,7880000000000000.0,1.71e+16,154779.95970266315
0x3c9e21167338f994a169e94764b7bb3b810c73e0,6.94e+18,694000000000000.0,9.82e+19,9820000000000000.0,1.0514e+16,87644.78182476672
0x3d1bcce239c7c605fed46ce56d5cfc917c39200c,3.85e+19,3850000000000000.0,0.0,0.0,0.0,0.0
0x3d64d998f650728589e9bed71d7413dcbd66ed11,2.97e+18,297000000000000.0,2.97e+18,297000000000000.0,594000000000000.0,5341.376568651664
0x3db0022de4ef4f245f818a687b390b646e27fd29,2.97e+18,297000000000000.0,2.97e+18,297000000000000.0,594000000000000.0,5341.376568651664
0x3f60008dfd0efc03f476d9b489d6c5b13b3ebf2c,8.97e+19,8970000000000000.0,3.95e+19,3950000000000000.0,1.292e+16,119974.62572206349
0x40c8dd5cf016ea7dc0b1d2571fbceb8eb6279f52,7.99913161528016e+20,7.99913161528016e+16,5.365315804326409e+20,5.36531580432641e+16,1.336444741960657e+17,1221672.0495598572
0x40fbfb93e2e71ce33b9293a45e2ae3939fe312fe,6.93e+18,693000000000000.0,6.93e+18,693000000000000.0,1386000000000000.0,12463.211993520548
0x411d209e4874e00dd550de43190224515b28fafe,8.911e+19,8911000000000000.0,2.871e+19,2871000000000000.0,1.1782e+16,110512.61747687394
0x4368f90bd33eb4b195f3d37d233dafd9571d0b52,2.97e+18,297000000000000.0,2.97e+18,297000000000000.0,594000000000000.0,5341.376568651664
0x43a996fa50d2f378d707aca9ddcde1c30cb68f63,4.17e+19,4170000000000000.0,8.95e+19,8950000000000000.0,1.312e+16,114364.13383038755
0x4426863132ca102a9306c0e6702d57e7ef3d02bc,3.7857e+20,3.7857e+16,4.956e+20,4.956e+16,8.7417e+16,777224.9555892176
0x44ad6f3411b34bc22e0b08d02f3e2e6cf93720f9,4.95e+18,495000000000000.0,4.95e+18,495000000000000.0,990000000000000.0,8902.294281086106
0x470539a6292d3bfd0951c3af8ee6b4bb8a9c0c81,1.45e+19,1450000000000000.0,8.72e+18,872000000000000.0,2322000000000000.0,21316.90255945489
0x4735a2dcd92413d015c713f494e2c35d2d3f9b7c,2.97e+18,297000000000000.0,2.97e+18,297000000000000.0,594000000000000.0,5341.376568651664
0x4752addada438ce2f37e65b39a41b28d5f4ed0cd,1.98e+18,198000000000000.0,1.98e+18,198000000000000.0,396000000000000.0,3560.9177124344424
0x47a235f03b07f57d9c39aff3beb00364db9e46b0,6.307e+19,6307000000000000.0,1.763e+20,1.763e+16,2.3937e+16,206686.34086794575
0x47b42d7dc0c781ab6f908c8085ee41ea0b2e75ce,4.33e+19,4330000000000000.0,1.884e+20,1.884e+16,2.317e+16,197379.89489287266
0x481427db49fc515c4243f13293a7ee6c11bf0a82,2.27e+19,2270000000000000.0,7.91e+19,7910000000000000.0,1.018e+16,87276.84561769196
0x48375e02b924981d7ff8e7f73e82dc3003956546,4.95e+18,495000000000000.0,4.95e+18,495000000000000.0,990000000000000.0,8902.294281086106
0x48e756eae97c0123cc88c660987793b49e48afa3,5.33e+19,5330000000000000.0,9.7e+18,970000000000000.0,6300000000000000.0,59947.18374856661
0x498a19caa60339da0ce1e756b99a4654b6395654,4.16e+19,4160000000000000.0,8.69e+19,8690000000000000.0,1.285e+16,112125.23883858073
0x4a395b0efc9907a195c81564c10a985c7e9f6a15,9.91e+19,9910000000000000.0,4.96e+19,4960000000000000.0,1.487e+16,137456.5268252924
0x4ab5a501b8908cee75587b4a6efc519e2d0a7ee5,6.93e+18,693000000000000.0,4.95e+18,495000000000000.0,1188000000000000.0,10832.443868506927
0x4bd4384d22cf79e84802c6416106f610481dbacd,1.98e+18,198000000000000.0,3.96e+18,396000000000000.0,594000000000000.0,5191.6858374480635
0x4e12d870e0e841577a1d6ea08898b44cb1d0681c,9.9e+18,990000000000000.0,9.91e+18,991000000000000.0,1981000000000000.0,17812.824764823796
0x4ec5ac80991913b88035d6a0002e76c1418bf356,5.29e+19,5290000000000000.0,1.85e+20,1.85e+16,2.379e+16,203937.88702125323
0x4f26fcd654d1a510c1f2ccf128014280218b1932,4.96e+18,496000000000000.0,4.97e+18,497000000000000.0,993000000000000.0,8928.514916628774
0x507e2135da72698044a8e6ff042324a18d73597b,2.396e+20,2.396e+16,1.665e+20,1.665e+16,4.061e+16,370700.37068727106
0x515c07dd7cd01496d4000e4998b4fd5acd2c09e1,2.528e+19,2528000000000000.0,9.52e+19,9520000000000000.0,1.2048e+16,103052.17528853289
0x5208f132ccbcacd0773e6286322dff936140c273,6.38e+19,6380000000000000.0,7.32e+19,7320000000000000.0,1.37e+16,122482.71233759873
0x522e39e92f976ef26cf71d8aa6f0f10ba6879233,9.68e+17,96800000000000.0,9.69e+17,96900000000000.0,193700000000000.0,1741.7167241219968
0x524bcec6af7d72fdaf662af0856ca30e3203dbaa,2.97e+18,297000000000000.0,2.97e+18,297000000000000.0,594000000000000.0,5341.376568651664
0x53ae1a41966cb214f93fd8865e281a16e4883597,2.3586e+20,2.3586e+16,1.7594e+20,1.7594e+16,4.118e+16,374829.50788079365
0x54a5895ecb763aac62c9e624e3ad5b7605283329,3.85e+19,3850000000000000.0,3.85e+19,3850000000000000.0,7700000000000000.0,69240.06663066971
0x54d61891b18180f7ab8bcc990f23aa5321a08311,2.97e+18,297000000000000.0,2.97e+18,297000000000000.0,594000000000000.0,5341.376568651664
0x55f1903b90821a3c95cf0574be3a39566d98bfaf,1.73e+20,1.73e+16,8.41e+19,8410000000000000.0,2.571e+16,237910.84744315536
0x56c8b9e42185b8693adfb6030f42fb1e7cca0f16,7.97e+19,7970000000000000.0,4.12e+19,4120000000000000.0,1.209e+16,111626.54993333365
0x56fcc88e8c901830f1da75b375b5f74dc76863fd,9.95e+19,9950000000000000.0,9.96e+19,9960000000000000.0,1.991e+16,179027.4692927921
0x5718c541bf550b445a64be27f0a046cfc5525206,7.91e+19,7910000000000000.0,3.95e+19,3950000000000000.0,1.186e+16,109641.50166819444
0x587c266b88757cac8ce258c316406d481ffe0f8a,6.78e+19,6780000000000000.0,5.52e+19,5520000000000000.0,1.23e+16,111556.83966054725
0x591e2a29cc2563eb55e328064018c9ca8b192d84,1.05e+20,1.05e+16,1.6e+20,1.6e+16,2.65e+16,234135.65994008363
0x5956e652e7c9140f6e105adb2e0f3189ae032be5,0.0,0.0,9.31e+19,9310000000000000.0,0.0,0.0
0x5a16fbfca4ed7b414aa93dcb4a13b3ce26f670f0,4.81e+19,4810000000000000.0,8.74e+19,8740000000000000.0,1.355e+16,118873.39862683433
0x5a1c829a78c98f1a79277e21f866cc7ca417659f,9.7e+18,970000000000000.0,9.71e+17,97100000000000.0,1067100000000000.0,10255.518609782925
0x5b191f5a2b4a867c4ed71858daccc51fc59c69c0,6.95e+18,695000000000000.0,1.99e+19,1990000000000000.0,2685000000000000.0,23165.063293103925
0x5b3c29a0edf37cbde20beb090f5ca0d769f18f3b,0.0,0.0,3.85e+19,3850000000000000.0,0.0,0.0
0x5b9f1174c2125118d8f288b8218fc020d95871da,3.97e+18,397000000000000.0,5.357e+19,5357000000000000.0,5754000000000000.0,47991.38500961634
0x5cff50848e3293ed36df64f5f4d1fe72ec32bc07,5.8e+18,580000000000000.0,0.0,0.0,0.0,0.0
0x5df089ff2eab44684717d876077d8c3a7e951819,4.44e+17,44400000000000.0,0.0,0.0,0.0,0.0
0x5e4495562a9f41fda9e132ef281beb1407ce3b24,9.68e+19,9680000000000000.0,1.92e+19,1920000000000000.0,1.16e+16,110176.37780939243
0x5e941018839234cf2e193cfef9ad7a34f9c9fa72,1.448e+20,1.448e+16,1.31e+20,1.31e+16,2.758e+16,249048.6286036966
0x5ebb3ed22ddf9503c62c18575e121c91a78b2c0c,7.78e+19,7780000000000000.0,4.31e+19,4310000000000000.0,1.209e+16,111339.26469162977
0x5f37128918b0e0db408ab59ec85c0d582869290e,1.757e+20,1.757e+16,8.75e+19,8750000000000000.0,2.632e+16,243343.17850935864
0x60b61938b0decedde8a4b53d42c5fe3d05c6c54f,2.0313e+20,2.0313e+16,1.763619114164528e+20,1.7636191141645282e+16,3.794919114164528e+16,343271.04509960534
0x620fce71d9fa4306c73c10fc522758f27d054844,0.0,0.0,3.85e+19,3850000000000000.0,0.0,0.0
0x631ea523db0deefd25ed308594b1830974f1f4ad,1.34965e+21,1.34965e+17,1.5453e+21,1.5453e+17,2.89495e+17,2588410.2900232626
0x63e840aba32582baf26735e87cb9680fbfd00151,1.51e+20,1.51e+16,1.014e+20,1.014e+16,2.524e+16,230713.37150349756
0x64680e67fe9d93112df1eeec337df9c85b00527f,3.96e+18,396000000000000.0,3.96e+18,396000000000000.0,792000000000000.0,7121.835424868885
0x6574080a89289178426c3065eefa43982a3c2312,9.81e+18,981000000000000.0,1.97e+18,197000000000000.0,1178000000000000.0,11185.54578731065
0x66bd19b9e1656f4bbd98b067869767a0f182bb82,5.46e+19,5460000000000000.0,1.84e+20,1.84e+16,2.386e+16,204771.4658968097
0x678f664ab7bdf8bcd04d15e9a15ea3cad57d2fbf,7.18e+19,7180000000000000.0,7.97e+19,7970000000000000.0,1.515e+16,135634.82825272757
0x680f4d35a24b175267af70d7556a1573fba97558,2.97e+18,297000000000000.0,2.97e+18,297000000000000.0,594000000000000.0,5341.376568651664
0x688cbd690269749418c3a956cbc56809b35c4412,6.78e+18,678000000000000.0,4.84e+18,484000000000000.0,1162000000000000.0,10595.622185747017
0x68a21e9443f947085758ac81761a8a2628f18cd8,5.07e+19,5070000000000000.0,8.28e+19,8280000000000000.0,1.335e+16,117619.28526937548
0x6965bf8487a08df849df44bc9e1796cb537cf0df,2.97e+18,297000000000000.0,2.97e+18,297000000000000.0,594000000000000.0,5341.376568651664
0x6a61857928149cb7cd2ad29251902787bcf9c3b0,6.78e+18,678000000000000.0,9.46e+19,9460000000000000.0,1.0138e+16,84523.77718636452
0x6a7da07e387b81f24e47fd016326bb2fa009d2b4,7.87e+19,7870000000000000.0,8.45e+19,8450000000000000.0,1.632e+16,146314.48439074223
0x6ce618ec1312fab2ff4985d9498b3514cbce401a,3.39e+19,3390000000000000.0,6.79e+19,6790000000000000.0,1.018e+16,88970.31651615692
0x6dd06debadce37092c0dd1c8c0ab8741eb27d808,2.97e+18,297000000000000.0,2.97e+18,297000000000000.0,594000000000000.0,5341.376568651664
0x6e0299e5e7a1be33b51cce7d025ccec6748ae8f9,4.95e+18,495000000000000.0,4.95e+18,495000000000000.0,990000000000000.0,8902.294281086106
0x6e3a6d1576bdaae1cb922d817c4df2fef9c8fc14,9.93e+17,99300000000000.0,9.94e+17,99400000000000.0,198700000000000.0,1786.6778063497045
0x6e6dfbd557bcc90a5f743ab2bcfd24f7454992c9,3.1968e+19,3196800000000000.0,4.84e+19,4840000000000000.0,8036800000000000.0,71026.36326329701
0x6e7f290e29cc4ca27e6ccfa10646fa01c5b35ef2,3.85e+19,3850000000000000.0,3.85e+19,3850000000000000.0,7700000000000000.0,69240.06663066971
0x6f9a7a413253ae941f0df2f793f2eb75dbfa0cdc,5.81e+19,5810000000000000.0,5.81e+19,5810000000000000.0,1.162e+16,104489.55509719247
0x700c5ea96d5ab39118fc6e144f195347d78a4a0e,9.86e+18,986000000000000.0,9.87e+18,987000000000000.0,1973000000000000.0,17740.887033259463
0x701f24b56c1fea298bea38aa899eb76f58eef8cb,9.89e+17,98900000000000.0,9.9e+17,99000000000000.0,197900000000000.0,1779.4840331932712
0x707acab2506e5f59d428369a8d29973d02cbb767,1.94e+19,1940000000000000.0,2.91e+19,2910000000000000.0,4850000000000000.0,42878.91638073753
0x7087e090c65ddc613b4386cda84aa3de9dac65bd,1.444e+20,1.444e+16,1.444e+20,1.444e+16,2.888e+16,259695.21094723913
0x70ed50da0456cf1e15249f2d87e579320422e638,4.81e+19,4810000000000000.0,3.83e+19,3830000000000000.0,8640000000000000.0,78433.64360755717
0x72d9527da47402f2be60ad04ba6444d765db37f4,1.335e+20,1.335e+16,1.238e+20,1.238e+16,2.573e+16,232103.06252392218
0x73495e34a5577a390753ba344a48d8e731a2dd32,3.95e+17,39500000000000.0,0.0,0.0,0.0,0.0
0x734a625db6c3ee34afca9ee4803bb3213e3ca839,1.61e+20,1.61e+16,1.07e+20,1.07e+16,2.68e+16,245073.87522788366
0x739572551c69cfcc872060698e83da8679a18705,7.75e+18,775000000000000.0,5.81e+18,581000000000000.0,1356000000000000.0,12340.112176182072
0x73ab4f4e59901ded10175578cf862d361d7367f1,4.81e+19,4810000000000000.0,3.07e+19,3070000000000000.0,7880000000000000.0,72174.12959235336
0x742626cbaa066560f38221a7d7c04cc56ecd775e,8.6e+19,8600000000000000.0,5.04e+19,5040000000000000.0,1.364e+16,125345.24142367532
0x74859630705f652433563a9e988a8784b5b7245e,9.6e+19,9600000000000000.0,2.31e+19,2310000000000000.0,1.191e+16,112608.63842435024
0x7496166dc66d6f64d3c0969a649be234c3c1af87,6.52e+19,6520000000000000.0,4.95e+19,4950000000000000.0,1.147e+16,104327.66428687464
0x74f7bb90649ffd87798457665bc84adf2dc3b84b,0.0,0.0,2.97e+18,297000000000000.0,0.0,0.0
0x752e1bf5e6e09aae2c234998292458bbcba92d37,2.97e+18,297000000000000.0,2.97e+18,297000000000000.0,594000000000000.0,5341.376568651664
0x7663697900dd93a6d4722bc150d8e3a03c7b4866,2.7391e+20,2.7391e+16,7.93e+19,7930000000000000.0,3.5321e+16,332326.8615171804
0x78bc83b1255d96b190848b3a8146491cd7e63134,7.76e+19,7760000000000000.0,1.94e+19,1940000000000000.0,9700000000000000.0,91624.49980258585
0x795b82482801fa3636c9c2921c700bf97679a0cd,2.87e+19,2870000000000000.0,8.45e+19,8450000000000000.0,1.132e+16,97573.33319324676
0x79d7fa096f2f3273b4cfee7223f677ee874aa154,8.74e+19,8740000000000000.0,4.81e+19,4810000000000000.0,1.355e+16,124815.66704734089
0x7bebe0bca3140d6326df946da40d52c037b39d2d,8.71e+18,871000000000000.0,0.0,0.0,0.0,0.0
0x7c46713490e379f515a182d8a5a36dec9d99be6a,9.8e+18,980000000000000.0,9.86e+18,986000000000000.0,1966000000000000.0,17674.161449170886
0x7c632b90cc7698f6dc9e3aab900a62b30da4b7b5,9.5612e+20,9.5612e+16,1.2215e+21,1.2215000000000002e+17,2.17762e+17,1938099.9435499667
0x7c87dbdbd93ec7a34892a8ce32949f9eae442fdd,1.83e+20,1.83e+16,1.835e+20,1.835e+16,3.665e+16,329526.9320393989
0x7cfab03f7cbbe6069475b736d121c42810134562,7.76e+19,7760000000000000.0,5.83e+18,583000000000000.0,8343000000000000.0,80447.97280438643
0x7d8d83200a76008702c9cd4a018e12a3636b66af,4.44e+19,4440000000000000.0,8.79e+19,8790000000000000.0,1.323e+16,115678.36357079889
0x7d9335e2c1c79de419c055080858cc7ffb351818,7.78e+19,7780000000000000.0,4.22e+19,4220000000000000.0,1.2e+16,110598.00645298722
0x7d9f98b92fe64a579efc19c7ef23f39687fef2b3,4.81e+19,4810000000000000.0,2.97e+19,2970000000000000.0,7780000000000000.0,71350.50932719497
0x7f2fb4f557995114bab304ecbac554fa19507e88,1.045e+20,1.045e+16,1.673e+20,1.673e+16,2.718e+16,239660.67636376497
0x7f5f2dc85a2d85f727b7db349fb5db0f4a447461,1.98e+18,198000000000000.0,1.98e+18,198000000000000.0,396000000000000.0,3560.9177124344424
0x7fc538cd464651460500cbc7614f8ceebfa35943,2.97e+18,297000000000000.0,2.97e+18,297000000000000.0,594000000000000.0,5341.376568651664
0x7ff4f8fe1dbbba8dc27103359bf96e97a4d44114,3.461e+19,3461000000000000.0,1.38e+19,1380000000000000.0,4841000000000000.0,45104.58451809222
0x81062b017924febcea6748705362ae0308702b36,1.9287e+20,1.9287e+16,1.67e+20,1.67e+16,3.5987e+16,325558.700910671
0x8118174a26e1aa856a57309da308e49468c263d0,4.95e+18,495000000000000.0,4.95e+18,495000000000000.0,990000000000000.0,8902.294281086106
0x811e34663d979f157686f53057e7e18309f82eb0,3.85e+19,3850000000000000.0,3.85e+19,3850000000000000.0,7700000000000000.0,69240.06663066971
0x8296fab023a4a024222f31f0f71e05fbebf1750c,7.842763837745252e+19,7842763837745252.0,7.93e+19,7930000000000000.0,1.5772763837745252e+16,141766.15463141893
0x82b45edf395d7a68e345c85677fa683d16168988,2.014e+20,2.014e+16,1.983e+20,1.983e+16,3.997e+16,359653.2556044215
0x83a57449214d6b2f6792653d8aa35b01f7f38a75,1.98e+18,198000000000000.0,1.98e+18,198000000000000.0,396000000000000.0,3560.9177124344424
0x845d61c049d947e4c1118ed0ba80989a4302d659,1.066e+19,1066000000000000.0,1.066e+19,1066000000000000.0,2132000000000000.0,19171.405461894523
0x849c61c31ae699754e85bd57fbfe9ef0cf9d09ba,4.95e+18,495000000000000.0,4.95e+18,495000000000000.0,990000000000000.0,8902.294281086106
0x84f5ce1dde1cb39faecf5e7d5e6bcb2e23535344,3.85e+19,3850000000000000.0,3.85e+19,3850000000000000.0,7700000000000000.0,69240.06663066971
0x861a2b7d36f21b8873adae86aeb5a02c03f6c022,1.962e+18,196200000000000.0,9.86e+17,98600000000000.0,294800000000000.0,2724.6923544358997
0x8636d4bae80f6b5141aa57abfd672b274bc0f0f6,1.07e+19,1070000000000000.0,9.6e+19,9600000000000000.0,1.067e+16,89498.15181146991
0x8684738929a00e0d1c54d645289804112bf52761,1.96e+19,1960000000000000.0,1.97e+19,1970000000000000.0,3930000000000000.0,35331.850493038604
0x86f66e900d604e8d8efc071b6181d6b98da0b03b,8.83e+19,8830000000000000.0,9.41e+19,9410000000000000.0,1.824e+16,163579.53996618197
0x8759965369cd4bf2cceb68e5111a88b19dfeb120,1.98e+18,198000000000000.0,1.98e+18,198000000000000.0,396000000000000.0,3560.9177124344424
0x87b2711074cb1d3ce1f1cb7a46db2f4e9a84ee6f,9.88e+18,988000000000000.0,3.95e+19,3950000000000000.0,4938000000000000.0,42164.251950381695
0x88fd02c633e0da48670e4d973ff681139d6c684a,3.96e+18,396000000000000.0,3.96e+18,396000000000000.0,792000000000000.0,7121.835424868885
0x8afed9df39c815e824af6f962746be2549356747,1.91e+20,1.91e+16,3.57e+19,3570000000000000.0,2.267e+16,215594.44104058744
0x8c2a6eb67fd291617c1ccccd2bfa5f36fd0de15d,9.69e+18,969000000000000.0,1.94e+19,1940000000000000.0,2909000000000000.0,25424.26824614748
0x8c91043dec519eaf9de99d2b9d9875918f0c5c2a,9.89e+18,989000000000000.0,8.9e+19,8900000000000000.0,9889000000000000.0,82943.20330596172
0x8ea8d5cce8fea186a4d5b26777f81f1b8ea4ea97,2.97e+18,297000000000000.0,2.97e+18,297000000000000.0,594000000000000.0,5341.376568651664
0x8eb5fe3e2553c246f4af98e9fec9bc60aa2e2940,2.97e+18,297000000000000.0,2.97e+18,297000000000000.0,594000000000000.0,5341.376568651664
0x8f60d79fe3df6cd0e3a44288ad2f41af134d813e,1.98e+19,1980000000000000.0,1.98e+19,1980000000000000.0,3960000000000000.0,35609.177124344424
0x8fc642d66492c830da43d95da7fe3f027f4f3246,9.85e+17,98500000000000.0,9.86e+17,98600000000000.0,197100000000000.0,1772.290260036838
0x909da6ca5366275c560da5b75279d4baafb68541,6.89e+18,689000000000000.0,0.0,0.0,0.0,0.0
0x90a9eb38468f3972c2b53b5ed860bbd85297ec98,4.26e+19,4260000000000000.0,4.17e+19,4170000000000000.0,8430000000000000.0,75872.4258773712
0x90ca15ead8bab6af3a29e7a85836b92c8fa785d5,2.97e+18,297000000000000.0,2.97e+18,297000000000000.0,594000000000000.0,5341.376568651664
0x914249db8f1e1903b432e1af075d35c82560b262,9.86e+18,986000000000000.0,0.0,0.0,0.0,0.0
0x92859e98829e4c26d8fb4b082968318ef818dd3c,1.94e+19,1940000000000000.0,1.94e+19,1940000000000000.0,3880000000000000.0,34889.79980870111
0x92d8ca42160a5ea0a6db07cca21bd4b970790efd,1.774e+19,1774000000000000.0,0.0,0.0,0.0,0.0
0x933ce0c68ea71fc26959c06a1232e1946cb86a92,3.96e+18,396000000000000.0,3.96e+18,396000000000000.0,792000000000000.0,7121.835424868885
0x941e5957eaa0bb7c83b25002fc4bb04b35ea9fdf,4.746e+19,4746000000000000.0,1.893e+20,1.893e+16,2.3676e+16,202176.4169111468
0x95123b7868362213799c73b4f16f173da7cdcced,1.97e+18,197000000000000.0,1.97e+18,197000000000000.0,394000000000000.0,3542.9332795433593
0x95346de7f18839bc0312f32d4d1b42d1353532c1,1.5472e+20,1.5472e+16,2.264e+20,2.264e+16,3.8112e+16,337292.24629739055
0x955916640f96efcd66f4aee595e0a44700a57868,-4.326973814127806e+22,-4.3269738141278065e+18,-3.962047508566277e+22,-3.9620475085662776e+18,-8.289021322694085e+18,-74812563.17615657
0x955c14651374682b15ae4a0335d9e141cea8c755,2.97e+18,297000000000000.0,2.97e+18,297000000000000.0,594000000000000.0,5341.376568651664
0x967a13a41199d406b8d120d78536e61dfcdc50c9,2.97e+18,297000000000000.0,2.97e+18,297000000000000.0,594000000000000.0,5341.376568651664
0x969f0221c3058e2fd2ca1e5f41b2d8f5aefc40df,8.54e+19,8540000000000000.0,0.0,0.0,0.0,0.0
0x96ece6a28e6328119f27cb15539dc5df332aaa51,6.79e+19,6790000000000000.0,6.7e+19,6700000000000000.0,1.349e+16,121373.0410918113
0x97b3b53cae94b1a6a802ef2495399659e501b9cc,3.85e+19,3850000000000000.0,3.85e+19,3850000000000000.0,7700000000000000.0,69240.06663066971
0x982caf49d2e57a296472159b1a529b6e6ac04d46,9.85e+18,985000000000000.0,9.86e+18,986000000000000.0,1971000000000000.0,17722.90260036838
0x98a7e30247c387d2adcec653a4c8c325cb18d679,1.1661900000000001e+22,1.1661900000000003e+18,1.1651900000000002e+22,1.1651900000000003e+18,2.3313800000000005e+18,20965029.590600554
0x98d2817d28526a0cd10b274b657f75c3fc043260,4.81e+19,4810000000000000.0,8.16e+19,8160000000000000.0,1.297e+16,114096.40108891565
0x9999999e2f76ed42e6b1a4eefd0fd472790fa1a5,1.7466e+21,1.7466e+17,7.752e+20,7.752e+16,2.5218e+17,2341096.3231816995
0x99c66c32a6e5fecf8792ef4ce0af81c1f2aa4454,9.78e+19,9780000000000000.0,1.12e+19,1120000000000000.0,1.09e+16,104562.23871207518
0x9abb088d50b2b5ffd8557395bdc783ad7da623b0,4.81e+19,4810000000000000.0,3.93e+19,3930000000000000.0,8740000000000000.0,79257.26387271556
0x9ad1d09351826fdfa059411ad347a2c23c084b74,2.97e+18,297000000000000.0,2.97e+18,297000000000000.0,594000000000000.0,5341.376568651664
0x9ae532dd7c0d3d21de6cf1ceec143722d2e93451,7.75e+18,775000000000000.0,6.78e+18,678000000000000.0,1453000000000000.0,13139.023833385716
0x9bc99c222868c30dc4eebad44dd3654ed9e949d0,4.41e+19,4410000000000000.0,5.423e+19,5423000000000000.0,9833000000000000.0,87654.62233573076
0x9c2b07dd951edae10fbf58bb98a1448cde417f58,7.94e+19,7940000000000000.0,7.95e+18,795000000000000.0,8735000000000000.0,83948.72920963206
0x9c61d0019e7646e1c5dc52e7b9303d5f96d1093a,2.95e+19,2950000000000000.0,0.0,0.0,0.0,0.0
0x9d4e34c09d295346f8485b4c045fa8e03f960196,9.85e+18,985000000000000.0,9.86e+18,986000000000000.0,1971000000000000.0,17722.90260036838
0x9d9bdd1e5ea8577658a7eb503c085c380b4b3ae9,7.75e+18,775000000000000.0,4.84e+18,484000000000000.0,1259000000000000.0,11541.200518978429
0x9dde803ee3911624baf835768588e677b4a374fe,0.0,0.0,3.85e+19,3850000000000000.0,0.0,0.0
0x9ed0dc275b3a19c072d9e39fe38f3726354b9d54,4.81e+19,4810000000000000.0,3.54e+19,3540000000000000.0,8350000000000000.0,76045.14483859783
0x9f6a95498f798b1de72f12b90f9f04dca2936773,4.55e+19,4550000000000000.0,8.71e+19,8710000000000000.0,1.326e+16,116091.77268501706
0x9f6d06e20be56d7b04d80bb0ded24c9802b8ad3e,2.97e+18,297000000000000.0,2.97e+18,297000000000000.0,594000000000000.0,5341.376568651664
0x9f9f211b1f08455d7607a2b339d031059cad264a,3.85e+19,3850000000000000.0,3.85e+19,3850000000000000.0,7700000000000000.0,69240.06663066971
0x9fe00f63fb4a6be2651a27e607b0c7ea306f1266,2.97e+18,297000000000000.0,2.97e+18,297000000000000.0,594000000000000.0,5341.376568651664
0xa0282114514e6e7fa900af95d375ef0449413c5f,3.85e+19,3850000000000000.0,3.85e+19,3850000000000000.0,7700000000000000.0,69240.06663066971
0xa06385372a854e4aae3fdbf769dcc85a11f699a0,3.96e+18,396000000000000.0,3.96e+18,396000000000000.0,792000000000000.0,7121.835424868885
0xa1dfed3259d9c7492f26ee87bfcfa0eb833eebf4,2.87e+19,2870000000000000.0,9.03e+19,9030000000000000.0,1.19e+16,102350.33073116545
0xa2462ec8ee4aa2abd6da60907b80f6be578cd723,4.95e+18,495000000000000.0,4.95e+18,495000000000000.0,990000000000000.0,8902.294281086106
0xa281fb7f9b25ba3bef7e4d5615a4ff256064ab22,9.68e+17,96800000000000.0,9.69e+17,96900000000000.0,193700000000000.0,1741.7167241219968
0xa2993963899d0b300ce10ce10fc700ee9f756e69,7.76e+19,7760000000000000.0,1.505e+20,1.505e+16,2.281e+16,199601.11656485137
0xa2c931f64a395a451dc1382e24aeacc2383483b2,3.85e+19,3850000000000000.0,3.85e+19,3850000000000000.0,7700000000000000.0,69240.06663066971
0xa30f30f100d9e4dd294c8475316d3e982e87880d,9.7e+18,970000000000000.0,1.94e+19,1940000000000000.0,2910000000000000.0,25434.01647638698
0xa362ddf93ef4a2a8c4ba5db70e1e46015ce979aa,2.97e+19,2970000000000000.0,7.78e+19,7780000000000000.0,1.075e+16,93029.90044063542
0xa442c260075a796807c3bd6f58b7526d347e1896,4.95e+18,495000000000000.0,4.95e+18,495000000000000.0,990000000000000.0,8902.294281086106
0xa4431d8ad55bc69c055cd452d58640764ac1185c,2.94e+18,294000000000000.0,4.93e+19,4930000000000000.0,5224000000000000.0,43470.45876272159
0xa49e2023f4a12cfbfcee689d7dce9d963f51b2dc,3.58e+19,3580000000000000.0,2.03e+19,2030000000000000.0,5610000000000000.0,51618.155640122175
0xa4a7b37c8f0f3b1967ef286ef8a687bdc91f72b4,9.81e+17,98100000000000.0,9.86e+17,98600000000000.0,196700000000000.0,1768.3909679410385
0xa4f215677fb417ae526e266da8b7b065acb4f20f,1.98e+18,198000000000000.0,1.98e+18,198000000000000.0,396000000000000.0,3560.9177124344424
0xa607d34a795145a55a692bcadc34afc88b4b3da5,2.184e+20,2.184e+16,3.093e+20,3.093e+16,5.277e+16,467647.0964441517
0xa6326c528cd3f6640aa7007a8d2865ad8543c440,7.88e+19,7880000000000000.0,5.86e+19,5860000000000000.0,1.374e+16,125080.20182553481
0xa70c0f6bff4fd0002459b75c5349a5fa18f37303,1.18e+19,1180000000000000.0,4.93e+19,4930000000000000.0,6110000000000000.0,52107.39075491778
0xa7220b4afcec421d559a5ecb17fa424e01691dcf,2.97e+18,297000000000000.0,2.97e+18,297000000000000.0,594000000000000.0,5341.376568651664
0xa7f558ebeaa1b240e015cd6604c593558d9cb87a,2.97e+18,297000000000000.0,2.97e+18,297000000000000.0,594000000000000.0,5341.376568651664
0xa80d87896f02796cc4905ebed9ea93ac90f07ac7,2.71e+19,2710000000000000.0,2.13e+19,2130000000000000.0,4840000000000000.0,43960.81559691635
0xa904a0f8b4f0292785ad610dae1084a916142a77,1.1605e+21,1.1605e+17,1.4513e+21,1.4513e+17,2.6118e+17,2326602.210118248
0xa996b777171dbdaf586668a0fb49d56b58b0ef7d,9.85e+18,985000000000000.0,9.86e+18,986000000000000.0,1971000000000000.0,17722.90260036838
0xa9b9d44183d982cb2e2e7f7db8dc95e92f5048df,5.888894842671379e+19,5888894842671380.0,6.01e+19,6010000000000000.0,1.189889484267138e+16,106905.88071857893
0xaaabb949f7cd94d57b53c96105ea398fde84f827,4.81e+19,4810000000000000.0,3.54e+19,3540000000000000.0,8350000000000000.0,76045.14483859783
0xaafa21ed47f390ca6f1de7b947efe28083912306,1.96579e+21,1.96579e+17,2.16846e+21,2.1684600000000003e+17,4.13425e+17,3702284.9524358655
0xab34882b493cf9b71f3c4acb04436101b5f661ab,3.96e+18,396000000000000.0,3.96e+18,396000000000000.0,792000000000000.0,7121.835424868885
0xab5e829714777d1565ee24eea7bc76d302387da7,2.97e+18,297000000000000.0,2.97e+18,297000000000000.0,594000000000000.0,5341.376568651664
0xabceb0f84c830d6d7b94c6273f2ab27ca597aa25,9.88e+18,988000000000000.0,9.89e+18,989000000000000.0,1977000000000000.0,17776.855899041628
0xac81228c2f025df0df4ed6468479ac066079dc8c,4.93e+19,4930000000000000.0,0.0,0.0,0.0,0.0
0xaccef70c596ffffc97378c4e99ed62c40ffc0ea0,1.754e+20,1.754e+16,3.401e+20,3.401e+16,5.155e+16,451097.2105811842
0xadc60ef4a4eeffacddce0cba070af4a30ed9b849,3.85e+19,3850000000000000.0,0.0,0.0,0.0,0.0
0xadf6bbc8e458cd5a5b049c8b1a7fb84932ba1cca,6.3016e+20,6.3016e+16,4.09143e+20,4.091430000000001e+16,1.039303e+17,951272.9429199762
0xaf5abfb152888702a4240755eeafe75b9fd16913,1.23e+20,1.23e+16,1.3e+20,1.3e+16,2.53e+16,226973.8664164302
0xb045246d7ea7a033a987c55c2e9241fb0937161b,6.79e+19,6790000000000000.0,0.0,0.0,0.0,0.0
0xb061b225d0dd4dcdaed7b1ea025737bd97147dcb,1.98e+18,198000000000000.0,0.0,0.0,0.0,0.0
0xb24561904eeb5b2964e4410c30b9c2617b275acd,2.97e+18,297000000000000.0,2.97e+18,297000000000000.0,594000000000000.0,5341.376568651664
0xb25b2ad4c8ff2080e173368ee8dd4ac5d494be69,4.09e+19,4090000000000000.0,1.87e+20,1.87e+16,2.279e+16,193887.2512641711
0xb271769c54b07e33e7f9f337fac2988c404e1da9,4.85e+19,4850000000000000.0,7.77e+19,7770000000000000.0,1.262e+16,111274.21126437787
0xb5144535b2cf0b628eb39d0da8fe1c6aba5ddfd0,9.12e+19,9120000000000000.0,8.93e+19,8930000000000000.0,1.805e+16,162453.14946287638
0xb5693b3fe31603dc8e83bfadf52c00fa294ddc17,2.48e+19,2480000000000000.0,2.48e+19,2480000000000000.0,4960000000000000.0,44601.39356988594
0xb6c52fb4f339525f7e4f94085288800ad17f3047,6.93e+18,693000000000000.0,6.93e+18,693000000000000.0,1386000000000000.0,12463.211993520548
0xb71abdba3622dd61844b91c82af232e9f5f22d6b,3.493492045312819e+16,3493492045312.8193,1.09e+20,1.09e+16,1.0903493492045312e+16,89808.66426706257
0xb72d9c3b458cb9681e183704c0237c4b8b196834,6.9e+18,690000000000000.0,0.0,0.0,0.0,0.0
0xb789a2b3cf7972b6d396b1b0f92a382cd47fb33f,4.84e+18,484000000000000.0,1.84e+19,1840000000000000.0,2324000000000000.0,19872.756314832022
0xb7fee4f0e877a348481355fff757d8a079a2a48b,9.82e+19,9820000000000000.0,5.95e+18,595000000000000.0,1.0415e+16,100628.16152957357
0xb7ff55bf999c21a441e7833b1346dab299762f1f,4.85e+18,485000000000000.0,4.86e+18,486000000000000.0,971000000000000.0,8730.68615482686
0xb86ef51a3c503e0971559d91e424f2f08374b441,9.906e+19,9906000000000000.0,1.63e+20,1.63e+16,2.6206e+16,230816.07197329638
0xb9c85187a4950f6a7e6e7f317f90ab38a4613b01,2.97e+18,297000000000000.0,2.97e+18,297000000000000.0,594000000000000.0,5341.376568651664
0xbac94bb63b7df7171d26875f5b37d0c737160d32,2.97e+18,297000000000000.0,2.97e+18,297000000000000.0,594000000000000.0,5341.376568651664
0xbae30fbf6a7e3b920727f775388a99ae34dfda1e,2.97e+18,297000000000000.0,2.97e+18,297000000000000.0,594000000000000.0,5341.376568651664
0xbb46131d139b64b5739c857c1583c07ca34e7b2f,5.82e+19,5820000000000000.0,5.82e+19,5820000000000000.0,1.164e+16,104669.39942610331
0xbd36517b9942026aea92388839e468a9c6e6b646,8.74e+19,8740000000000000.0,9.03e+19,9030000000000000.0,1.777e+16,159572.44223702513
0xbdec7287c08c0c153f9843c4796d59e3bf7178e4,9.85e+18,985000000000000.0,9.86e+18,986000000000000.0,1971000000000000.0,17722.90260036838
0xbec957b5205cd3da33588df02e176e43d391d44f,1.98e+18,198000000000000.0,1.98e+18,198000000000000.0,396000000000000.0,3560.9177124344424
0xbf1d10c96646c98a79bfbde0ba3feb5edae99920,7.15e+19,7150000000000000.0,6.57e+19,6570000000000000.0,1.372e+16,123811.69763332506
0xbf21905312db8e8f8f97146c4ba62a4bfaf888a7,1.0614e+20,1.0614e+16,2.697e+20,2.697e+16,3.7584e+16,325598.1012752624
0xbf713bad9e90f92bb95afbfdd7b42312da76297c,1.2966e+21,1.2966e+17,1.0136e+21,1.0136e+17,2.3102e+17,2098777.0336180013
0xc0a32e6f3914d13dfa99460e80fa3b0fc03755f0,1.0901e+19,1090100000000000.0,1.0912e+19,1091200000000000.0,2181300000000000.0,19613.890117486368
0xc117da4121bf4357a1ac93a890c99e10a66b2435,9.66e+20,9.66e+16,9.65e+20,9.65e+16,1.931e+17,1736472.5970134635
0xc12f88cd42835aacce936303084903da2f48e8da,4.84e+18,484000000000000.0,2.91e+18,291000000000000.0,775000000000000.0,7114.878407528491
0xc33e3272d29d0cd5a7371a3114080ffdc333e892,5.85e+19,5850000000000000.0,7.68e+19,7680000000000000.0,1.353e+16,120281.18326523442
0xc364142ef14a949e6ba4a4ae04074891d17c91ef,1.5e+20,1.5e+16,8.33e+19,8330000000000000.0,2.333e+16,214831.02168018074
0xc36a605e3102f518a57459e838e91ea27559eb0b,2.97e+18,297000000000000.0,2.97e+18,297000000000000.0,594000000000000.0,5341.376568651664
0xc3bd973ac82909b752aeb36265945c808d62b340,2.663e+20,2.663e+16,2.1528e+20,2.1528e+16,4.8158e+16,436904.3419611601
0xc4ebcdd280c998213f719e8918612e0903eb2092,3.95e+19,3950000000000000.0,0.0,0.0,0.0,0.0
0xc518f62ccc4b003a37b5f4d12a9ceecced1df1d9,1.55e+19,1550000000000000.0,1.55e+19,1550000000000000.0,3100000000000000.0,27875.870981178716
0xc5e21d60e0a2339e2489f467df847b92496bd308,2.8509e+20,2.8509e+16,2.2747e+20,2.2747e+16,5.1256e+16,465261.1976134598
0xc62817fcb53a7d49bf3ac62270181d05f5451fd5,3.96e+18,396000000000000.0,3.96e+18,396000000000000.0,792000000000000.0,7121.835424868885
0xc703998c63e8003b153e7dc72da2507de70a498d,2.2091220092654872e+20,2.209122009265487e+16,2.7349592350192858e+20,2.734959235019286e+16,4.944081244284773e+16,440607.08476904675
0xc79aca1c28f03574e5f5bd88f6f79de746728e4f,3.96e+18,396000000000000.0,3.96e+18,396000000000000.0,792000000000000.0,7121.835424868885
0xc814275d8b5e76bd163d10b9a9cc626439b6f39c,5.82e+19,5820000000000000.0,5.83e+19,5830000000000000.0,1.165e+16,104751.76145261915
0xc86b0aa8810f3fa154dd01768e39608d4d687428,1.98e+18,198000000000000.0,1.98e+18,198000000000000.0,396000000000000.0,3560.9177124344424
0xcaa01015719cba6f3b207ffd90be9def1710ceea,9.75e+19,9750000000000000.0,1.04e+20,1.04e+16,2.015e+16,180701.75241158923
0xcbc2fbfa2db3fc5f96e287c12228927effca85a5,2.97e+18,297000000000000.0,2.97e+18,297000000000000.0,594000000000000.0,5341.376568651664
0xcc27ff86ded186859416fbafb220e91762ae34f7,1.37e+20,1.37e+16,1.15e+20,1.15e+16,2.52e+16,228267.084774353
0xcd247e021f6ef24e75779fb8c4313120d86357e2,4.06e+19,4060000000000000.0,9.02e+19,9020000000000000.0,1.308e+16,113868.36268965353
0xcd8837e3db18cdb4154d4aff4c17cb7d52108a8c,2.97e+18,297000000000000.0,2.97e+18,297000000000000.0,594000000000000.0,5341.376568651664
0xcdb2f850ff3aa12156b4a86fcbf74d958042de8b,9.86e+18,986000000000000.0,9.67e+19,9670000000000000.0,1.0656e+16,89255.83465696288
0xcdf816a763a74a36bbc47190fd4d2dc52ae82158,5.808e+18,580800000000000.0,2.91e+17,29100000000000.0,609900000000000.0,5901.445620262168
0xcf40829b055704328123dfd817a46ebab8475737,6.79e+19,6790000000000000.0,3.88e+19,3880000000000000.0,1.067e+16,98146.94961434457
0xd00a8938aca41f156987de36d5207b394641c275,2.005e+20,2.005e+16,1.979e+20,1.979e+16,3.984e+16,358446.46677680314
0xd0445ea6933a79d63337acf25fee5298b70d5c7a,4.95e+18,495000000000000.0,4.95e+18,495000000000000.0,990000000000000.0,8902.294281086106
0xd12ca40966450304383d501bdec4bb042e7f23e3,2.97e+18,297000000000000.0,2.97e+18,297000000000000.0,594000000000000.0,5341.376568651664
0xd155a6d6dd9d7529d49c29229a7dbe32e241efc3,1.02e+20,1.02e+16,1.6e+20,1.6e+16,2.62e+16,231211.1908682339
0xd1fb62608989d24e7136bdfdd5b5f512554b9e8a,2.97e+18,297000000000000.0,2.97e+18,297000000000000.0,594000000000000.0,5341.376568651664
0xd3086119573abf4f582fa9e3c52676ebb19342e8,9.89e+17,98900000000000.0,9.9e+17,99000000000000.0,197900000000000.0,1779.4840331932712
0xd328029ef03e8a3e422760c9a48852c19d0f5a66,4.0963e+20,4.0963e+16,2.85e+20,2.85e+16,6.9463e+16,634048.5308707439
0xd5b54e64991b6bd2e805023e881b2526422b9239,4.93e+19,4930000000000000.0,4.94e+19,4940000000000000.0,9870000000000000.0,88745.61617955525
0xd675c41e0771bbe99e3b6f67d53ef578a6aab70b,2.97e+18,297000000000000.0,2.97e+18,297000000000000.0,594000000000000.0,5341.376568651664
0xd72c4196f98af2dc99d588560d48381f067eb19c,1.4762e+21,1.4762e+17,1.2651e+21,1.2651000000000002e+17,2.7413e+17,2480995.7454067417
0xd800e6c419afa29c5d3bc8a141af6162ca40798e,1.55222e+20,1.55222e+16,2.531772697673358e+20,2.531772697673358e+16,4.083992697673358e+16,359835.90948140435
0xd94e1c5376665a9b18ab93542d38005c36d64790,4.93e+18,493000000000000.0,4.94e+18,494000000000000.0,987000000000000.0,8874.561617955524
0xda38c543596b7e1b79ad0ac2c7797adb914ea3c5,6.91e+18,691000000000000.0,6.91e+18,691000000000000.0,1382000000000000.0,12427.243127738382
0xdad099fa0ceb99a7c0c0bb4cfa4b8151be9f4306,6.492226773485968e+20,6.492226773485969e+16,5.2215100752356757e+20,5.221510075235676e+16,1.1713736848721645e+17,1062931.3648190994
0xdae415bf5d9400aee430699fa8e7f406647bc572,1.98e+18,198000000000000.0,1.98e+18,198000000000000.0,396000000000000.0,3560.9177124344424
0xdba8a45305ff65dccbeec22ccc5127b4ee84dbff,9.22e+19,9220000000000000.0,2.96e+19,2960000000000000.0,1.218e+16,114257.84265687014
0xdc29a14a5f6c5c038759eee1f0ff2edba87f6f96,1.98e+18,198000000000000.0,1.98e+18,198000000000000.0,396000000000000.0,3560.9177124344424
0xdc64a6620c4307aa25b7b91d07f4a3a8f350b172,2.0487e+20,2.0487e+16,1.9999e+20,1.9999e+16,4.0486e+16,364427.8097456453
0xde1ac7360340f506786e0a08b7d45d014d07a1c3,2.96e+18,296000000000000.0,2.96e+18,296000000000000.0,592000000000000.0,5323.3921357605805
0xde36280b28ed2d780c6ad3ef393c6a22da248693,3.96e+18,396000000000000.0,3.96e+18,396000000000000.0,792000000000000.0,7121.835424868885
0xdec0de987db64adbe297dac3762178a1b103014e,3.79e+19,3790000000000000.0,9.17e+19,9170000000000000.0,1.296e+16,112471.77092272635
0xdf13f2ac95b43ada5fd719c3abc95e2b699692a8,4.81e+19,4810000000000000.0,8.55e+19,8550000000000000.0,1.336e+16,117308.5201230334
0xe09ad735d16a8213dc4877cb9cc1faf8c74357ae,2.46e+19,2460000000000000.0,2.96e+18,296000000000000.0,2756000000000000.0,26418.562374036625
0xe0b652e92efd6c4db4a18ad8fd5ef8786d558f6f,4.84e+18,484000000000000.0,2.91e+18,291000000000000.0,775000000000000.0,7114.878407528491
0xe0e47c93757943552781dc1ec9970625dec88a65,1.08e+20,1.08e+16,1.57e+20,1.57e+16,2.65e+16,234589.2682164582
0xe25d787eadda39578f6e1ce5e5cf6835ba43a370,8.26e+19,8260000000000000.0,7.78e+19,7780000000000000.0,1.604e+16,144598.03840758564
0xe3d95503900977c4a8b9322a2c059f176d80789b,4.81e+19,4810000000000000.0,3.64e+19,3640000000000000.0,8450000000000000.0,76868.76510375622
0xe42612119acb19c8c9773e79e3530203b6c5f109,9.87e+18,987000000000000.0,0.0,0.0,0.0,0.0
0xe47468ea3129ee933d89fecc29bf14a3eeefbd7e,5.81e+19,5810000000000000.0,6.69e+19,6690000000000000.0,1.25e+16,111737.41343058634
0xe58056ffb6f5c5056af172f3717a2f2bcea053b6,3.96e+18,396000000000000.0,3.96e+18,396000000000000.0,792000000000000.0,7121.835424868885
0xe5988e0a077491660baddb23d2444c5519195596,1.19e+20,1.19e+16,1.11e+20,1.11e+16,2.3e+16,207425.78928262106
0xe5e0e1fcbdec9d8a52dd5eaa7c89c6f9bd2f0ff9,9.88e+17,98800000000000.0,9.89e+17,98900000000000.0,197700000000000.0,1777.685589904163
0xe6b5c0c4f978ed046d2947e78855ee11064268b3,0.0,0.0,8.74e+19,8740000000000000.0,0.0,0.0
0xe6ecf4a3bf417f34d14cbeb622870cd4c3d420ac,4.81e+19,4810000000000000.0,3.74e+19,3740000000000000.0,8550000000000000.0,77692.3853689146
0xe721299d5327994b48e515d99f1c05f466f46a60,1.98e+18,198000000000000.0,1.98e+18,198000000000000.0,396000000000000.0,3560.9177124344424
0xe7832071ed24f2437d5d292d7873a0b193c2b0d5,3.96e+18,396000000000000.0,3.96e+18,396000000000000.0,792000000000000.0,7121.835424868885
0xe7c81a32132db7be0e90b242c345f7bd8ee55525,0.0,0.0,3.85e+19,3850000000000000.0,0.0,0.0
0xe83ded34adbe4b52b1611dca0ea4fcf23f3ee01f,9.92e+17,99200000000000.0,9.93e+17,99300000000000.0,198500000000000.0,1784.8793630605962
0xe86d4e36124ecc84760cdc2eb2e0e7c9728c4ff0,3.4452460070663283e+21,3.445246007066328e+17,3.4652243289473926e+21,3.4652243289473926e+17,6.910470336013722e+17,6212534.111500721
0xe89d24c57a2cf6260d858ab3962a4a6597a9be0c,4.81e+19,4810000000000000.0,3.26e+19,3260000000000000.0,8070000000000000.0,73739.00809615431
0xe934771184a894d7a436c7d30174eb713009a184,1.0155e+20,1.0155e+16,0.0,0.0,0.0,0.0
0xe9da3b8e0fdc4e641806de50c3e0e31e6dab8cb8,1.06e+20,1.06e+16,1.5e+20,1.5e+16,2.56e+16,226874.2803124496
0xea269042851b0d65a3eeae4ff2b7b2c1a9d84cd5,7.89e+18,789000000000000.0,0.0,0.0,0.0,0.0
0xea827a1467540615986869723694e8710251fbb1,7.2e+19,7200000000000000.0,6.51e+19,6510000000000000.0,1.371e+16,123804.936986205
0xec273603364472bdede2155e8c324f46adfcfffc,1.46e+20,1.46e+16,1.31e+20,1.31e+16,2.77e+16,250218.4162324365
0xed2c2cdec695be3a4dc421c1a8a6756dc5a927b6,9.22e+19,9220000000000000.0,2.43e+19,2430000000000000.0,1.165e+16,109892.65525153065
0xed836e80b85e1723f44cdd1a6233ffce288cd14e,4.81e+19,4810000000000000.0,3.54e+19,3540000000000000.0,8350000000000000.0,76045.14483859783
0xeda16ad5a68f0367a405935ede5b62a6e853173b,2.004e+20,2.004e+16,1.828e+20,1.828e+16,3.832e+16,345912.3184705164
0xee43ac49631b4488e7c2c3d7e354ca1e17512fa2,2.96e+19,2960000000000000.0,3.95e+19,3950000000000000.0,6910000000000000.0,61387.76198267391
0xef62ed0855b10bfb55abd1a60a725c7b06781020,3.2116e+20,3.2116e+16,2.7894e+20,2.7894e+16,6.001e+16,542814.7991350356
0xefcc770e3880b5e12d26a1a2dd0ef830e3a8493f,7.3e+19,7300000000000000.0,6.41e+19,6410000000000000.0,1.371e+16,123956.1397449965
0xf010af8ecc915f5f296ddf09f46fbd3b95fe14f0,1.79986e+20,1.79986e+16,8.01e+19,8010000000000000.0,2.60086e+16,241426.48002783582
0xf0356a263a8fb286ca7bff3c80915c3cc96fecd6,4.81e+19,4810000000000000.0,4.22e+19,4220000000000000.0,9030000000000000.0,81645.7626416749
0xf0e1616acda03736fd4e57e75af7a57308e87a32,0.0,0.0,3.85e+19,3850000000000000.0,0.0,0.0
0xf14f06bc7665c8dc9fadca7f447670cee7adaa35,7.25e+18,725000000000000.0,9.68e+19,9680000000000000.0,1.0405e+16,86793.90859096945
0xf159654dd9f53cc2dfc41d358b41b431a69c9900,7.91e+19,7910000000000000.0,5.83e+19,5830000000000000.0,1.374e+16,125125.56265317227
0xf1ac29b67d0695546123185776afffb3be7dc4d1,9.94e+18,994000000000000.0,9.95e+18,995000000000000.0,1989000000000000.0,17884.762496388128
0xf2b3a2b72c2960ef7f9f04dcc2aec4b68e4c3770,7.09e+19,7090000000000000.0,9.03e+19,9030000000000000.0,1.612e+16,143487.86234185164
0xf424280897603c0108e9b2e62930f0e96cbd6060,9.22e+19,9220000000000000.0,3.53e+19,3530000000000000.0,1.275e+16,118952.478168273
0xf48417a9c35638d9c5890be6bdc804d0443f4557,9.89e+17,98900000000000.0,9.9e+17,99000000000000.0,197900000000000.0,1779.4840331932712
0xf49559a962d46b02b49a70320cbbdf2cc7ba40a7,4.96e+19,4960000000000000.0,6.95e+19,6950000000000000.0,1.191e+16,105592.83041642394
0xf4a34c49db3e0dfdfb3efae46e04d60ef6e9453f,4.81e+19,4810000000000000.0,3.26e+19,3260000000000000.0,8070000000000000.0,73739.00809615431
0xf5bf296e872d300a6bb7ae7b21fb1f13e21b704e,1.98e+18,198000000000000.0,1.98e+18,198000000000000.0,396000000000000.0,3560.9177124344424
0xf5fa0f11364cc7695c2e8c3f7c9a7de3ea2483f1,1.8999e+21,1.8999000000000003e+17,1.9093e+21,1.9093e+17,3.8092e+17,3424604.4354693564
0xf63f5bdf6eaf3f50318bea89bf38a476bc77c5d8,3.79e+18,379000000000000.0,2.95e+19,2950000000000000.0,3329000000000000.0,27991.3770829428
0xf8ac524081487a11ca1d96b57e36ad4c63828691,7.75e+18,775000000000000.0,4.84e+18,484000000000000.0,1259000000000000.0,11541.200518978429
0xf9107317b0ff77ed5b7adea15e50514a3564002b,5.82e+18,582000000000000.0,8.73e+18,873000000000000.0,1455000000000000.0,12863.67491422126
0xf9b5b26febcf1a408ec0844f5d01d9b01ca6c71a,3.96e+18,396000000000000.0,3.96e+18,396000000000000.0,792000000000000.0,7121.835424868885
0xfa1457caf448c66ce3c2e619ccd4fcfd317b61f6,8.49e+19,8490000000000000.0,4.94e+19,4940000000000000.0,1.343e+16,123449.31583217203
0xfac2965a23647385ee67264db4114cac48288b87,2.97e+18,297000000000000.0,2.97e+18,297000000000000.0,594000000000000.0,5341.376568651664
0xfb19e4579f119acb99fbe3c7d8f0b0e36993d851,3.85e+19,3850000000000000.0,0.0,0.0,0.0,0.0
0xfb408fa20c6f6da099a7492107bc3531911896e3,9.91e+18,991000000000000.0,9.91e+18,991000000000000.0,1982000000000000.0,17822.572995063296
0xfb43d81e71cb6310bed2e1af3ae597fb0d1b0ae7,6.28e+19,6280000000000000.0,7.49e+19,7490000000000000.0,1.377e+16,122908.04376441808
0xfbc998663b1b28b42375c188e2fe6b30511dbae3,2.97e+18,297000000000000.0,2.97e+18,297000000000000.0,594000000000000.0,5341.376568651664
0xfca786eab10ba8e5607076b47195a3f3810c11d9,3.0297e+20,3.0297e+16,2.3968e+20,2.3968e+16,5.4265e+16,492747.43671926815
0xfe5a96b32ae5c3967d6cd658ca6a38a1de0bf973,1.19e+20,1.19e+16,0.0,0.0,0.0,0.0
0xfe626a5973f2d6139f8def03121528a57a1cdb6c,4.26e+19,4260000000000000.0,1.26e+19,1260000000000000.0,5520000000000000.0,51905.07616126192
0xfec555032e690cf6be0af38db6f4d3e5f77bd9d0,5.61e+19,5610000000000000.0,7.93e+19,7930000000000000.0,1.354e+16,120000.65867065062
0xffae524017bfbe86b5ba92576e6e13cfb9a28718,3.144e+19,3144000000000000.0,1.91e+20,1.91e+16,2.2244e+16,187959.90651823854
